"LICENCIA_TICKETBAI","NOMBRE_SOLICITANTE","NIF_SOLICITANTE","TIPO_SOLICITANTE","ID_PAIS","TIPO_ID_EXTRANJERO","ID_EXTRANJERO","NOMBRE_REPRESENTANTE","NIF_REPRESENTANTE","EMAIL_COMUNICACION","FECHA_ALTA","ESTADO","FECHA_ULTIMA_MODIFICACION","ORIGEN_LICENCIA","NOMBRE_SOFTWARE","DESCRIPCION_SOFTWARE","URL_SOFTWARE","EUSKARA","PUBLICO","NUMERO_REGISTRO_ENTRADA","REFERENCIA_FILENET_DECLARACION","CSV_DECLARACION","REFERENCIA_FILENET_LICENCIA","CSV_LICENCIA","REFERENCIA_FILENET_MEMORIA","REFERENCIA_FILENET_REPRESENTACION","REFERENCIA_COMUNICACION_JAKINARAZI","TFNO_CONTACTO","DIRECCION","REG_UNIA","REG_UNIN","REG_REFE"
"123                 ","123","123      ","1","1 ","1 ","1",t,t        ,t,2020-11-30,t,2020-11-30,t,t,t,t,t,t,t                               ,t,t                                       ,t,t                                       ,t,t,152015,t,t,t   ,t        ,t                                 
"456                 ","456",,,,,,"456","456      ","456",2021-01-04,T,,T,al & as< }+ç,,,T,T,,,"456                                     ",,"456                                     ",,,,,,,,
TBAIGI04CCAA8CD79EF1,FICTICIO ACTIVO CIUDADANO,"99999990S",N,  ,N ,"",FICTICIO ACTIVO CIUDADANO,"99999990S",test@test.com,2020-10-16,A,2020-10-16,G,Test certifcado,descripcion Software,http://www.example.com,S,N,"2020/000002272                  ",{667A0224-A19C-CDEF-87E4-753022000000},TBAD53c51161-da26-4c12-8aa3-bc0634cdd4fd,{19224379-91A7-CBCB-84C2-753023100000},TBAD95b5181e-5b92-4cdd-a1dd-84d5ad032db6,{8A8B8BF2-8A1E-C663-8594-753021C00000},,269170,"943619999",calle falsa numero 5,"2020",,Z9K2CP4TDCLT2FJD                  
TBAIGI091AE33A9A5272,ZABALA GOIRIGOLZARRI ENEKO,"44560096B",N,  ,N ,"",ZABALA GOIRIGOLZARRI ENEKO,"44560096B",ezabala@serikat.es,2021-02-10,A,2021-02-10,G,prueba sesion 2,problemas con la sesion.,http://www.serikat.es/dsaf,N,C,"2021/000001005                  ",{62490307-F321-CE22-874C-778C5B600000},TBAD5687712a-8306-433a-b599-fcc7f63abab8,{9148F28A-CDF4-C4E0-8453-778C5B700000},TBAD3374f080-c9aa-4f48-8b49-11d71aeae479,{931D9365-20F8-CFBB-8EA0-778C5B700000},,320856,"637443435",Algún lugar de la Mancha,"2021",,HCV3TJEE8APXWSH3                  
TBAIGI0F02BB65A7098F,BANCO DE IRUN SA ,A20002838,N,  ,N ,"",GARCIA ARAMBURU LUIS,"11221122C",jgamarra@serikat.es,2020-12-03,A,2020-12-03,G,Prueba 03/12/2020,Licencia de prueba de Jon,https://www.serikat.es,S,C,"2020/000002945                  ",{DD623296-7AF6-CEB7-8721-76296DC00000},TBADfe3812e2-75ae-4cb8-a671-34c375bf7da9,{8EF6E097-9238-CCD9-85D4-76296DE00000},TBADd8751115-559b-46f1-94ce-99cf8ca61f76,{930873FC-0036-C347-8DFA-76296DE00000},,284772,+34609390992,"C/ Ercilla nº 19, 2ª planta","2020",,JC1HHF9RZMU5Q4ZS                  
TBAIGI1083A596E23A06,ZABALA GOIRIGOLZARRI ENEKO,"44560096B",N,  ,N ,"",ZABALA GOIRIGOLZARRI ENEKO,"44560096B",ezabala@serikat.es,2020-11-26,B,2021-02-10,G,prueba giltza tomcat 5,software para emitir facturas validas TiketBai,"",N,C,"2020/000002823                  ",{E7200DA9-F832-C65A-862A-7604B3C00000},TBADb1b20f08-3a66-4073-abe6-ad52917e96c5,{08A6D550-79CB-CCCE-860E-7604B3E00000},TBAD9d27b7ae-8df3-453d-93c3-6fe5bdc33a89,{FA6A10CE-8E37-CB78-8CA8-7604B3E00000},,283211,"667667667",Algún lugar de la Mancha,"2020",,"46H3MLHDZ4YAK3YF                  "
TBAIGI149DD3C48292D6,GARCIA ARAMBURU LUIS,"11221122C",N,  ,N ,"",GARCIA ARAMBURU LUIS,"11221122C",jgamarra@serikat.es,2020-10-16,A,2020-10-16,G,TicketBAI Jon,Licencia de prueba de Jon,https://www.serikat.es,S,S,"2020/000002273                  ",{FC9A2405-A51C-CF88-85FF-75302D600000},TBAD2def9cbf-c6d3-4c9d-9a97-ec42a747214e,{89093C80-F8E2-C183-8542-75302EB00000},TBAD8014b355-ef24-4d93-a495-f5d48ffdc404,{90A6DB7B-FF7D-C8F6-869E-75302EE00000},,269171,+34609390992,"C/ Ercilla nº 19, 2ª planta","2020",,MBYG1NG2LQCMUEDA                  
TBAIGI1FC6C2FCFB42F2,IZENPE S.A. ,A01111111,N,  ,N ,"",REPRESENTANTESPJ FICTICIO ACTIVO ,"99999974E",klopetegi@gipuzkoa.eus,2021-02-17,A,2021-02-17,G,kojosoft 4.0,kojosoft 4.0,http://kojosoft.com,N,C,"2021/000001342                  ",{3376C0E8-4B7F-C7C4-85F7-77AFAFB00000},TBAD902adec2-29a4-4740-92f1-8cb63fa67bae,{0345A63C-357F-C729-87AB-77AFAFC00000},TBAD978dd951-6b03-47e0-b4fb-a27e16086b51,{B0AE6316-CD9C-C2EB-8C60-77AFAFC00000},,325665,"444555666",mikasa,"2021",,MMF7MM8XDIWT7C6V                  
TBAIGI2392B5DB77055D,BANCO DE IRUN SA ,A20002838,N,  ,N ,"",GARCIA ARAMBURU LUIS,"11221122C",ezabala@serikat.es,2021-02-17,A,2021-02-17,G,KubiBAI 2222,Prueba error descarga de justificante tras finalizar registro,http://www.serikat.es/dsaf,N,C,"2021/000001334                  ",{893AB106-E992-C80C-84CD-77AF3C100000},TBAD8eca5348-0d0a-4270-b5bc-78cb29ee44d1,{7B785EAE-C29D-CCB0-856E-77AF3C200000},TBAD72ec74e8-0345-4baa-abdf-84788b32be80,{E5A7CB80-28FC-C2BC-8F91-77AF3C200000},,325270,"637443435",Algún lugar de la Mancha,"2021",,TM4SHCHCWFWI3ST9                  
TBAIGI2450BEBD4DAE17,ZABALA GOIRIGOLZARRI ENEKO,"44560096B",N,  ,N ,"",ZABALA GOIRIGOLZARRI ENEKO,"44560096B",ezabala@serikat.es,2021-02-09,A,2021-02-09,G,Prueba descarga justificante 5,Prueba error descarga de justificante tras finalizar registro,http://www.serikat.es/dsaf,N,C,"2021/000000971                  ",{B66256DF-B905-C23F-8453-778752F00000},TBAD042dd1ba-0caa-40f7-a46d-7beec06e5da8,{50378457-A867-C3DF-869C-778753000000},TBADea16c3ad-2cb6-4108-aa0d-6c63c7a89e93,{3B61E7B4-94C6-C307-8D82-778753000000},,319071,"637443435",Algún lugar de la Mancha,"2021",,BVHDYSYEQCLUW61Z                  
TBAIGI2488F28E2CC21D,ZABALA GOIRIGOLZARRI ENEKO,"44560096B",N,  ,N ,"",ZABALA GOIRIGOLZARRI ENEKO,"44560096B",ezabala@serikat.es,2021-02-09,A,2021-02-09,G,Prueba descarga justificante,Prueba error descarga de justificante tras finalizar registro,http://www.serikat.es/dsaf,N,C,"2021/000000904                  ",{06E33B76-3C22-C37E-850F-7786FE900000},TBAD5c6903f2-8b25-4406-bd66-5ced24a1c017,{CBFEF729-358E-C4C8-86B3-7786FEA00000},TBADea340055-fb88-4d8f-9881-fbf9ba7f8b59,{CA644DC6-5FF6-C454-8E7E-7786FEA00000},,319038,"637443435",Algún lugar de la Mancha,"2021",,E7RVW1PX4SYZWXRJ                  
TBAIGI26E2FCF11C443D, IZENPE S.A.,S7836107H,N,  ,N ,"", REPRESENTANTESPJ FICTICIO ACTIVO,"99999974E",jgamarra@serkat.es,2020-12-10,A,2020-12-10,G,"120","120",https://web.com,S,N,"2020/000003767                  ",{D7EE8786-B53B-C2C0-844F-764C9F600000},TBAD6426ebcd-5bdf-4873-a6ec-103784bbbc1e,{8999582F-64B1-C294-8680-764C9F700000},TBADc4905d31-cb5d-4e39-8cd0-23b3b4163760,{F6F98180-0800-C3D8-8E37-764C9F700000},,287470,"6565656565","6","2020",,FCG9RDCHXVW4VDIT                  
TBAIGI2E18F07C0045A7,ZABALA GOIRIGOLZARRI ENEKO,"44560096B",N,  ,N ,"",ZABALA GOIRIGOLZARRI ENEKO,"44560096B",ezabala@serikat.es,2021-02-11,A,2021-02-11,G,KubiBAI 2,Prueba error descarga de justificante tras finalizar registro,http://www.serikat.es/dsaf,N,C,"2021/000001018                  ",{5865519C-C8A4-CF14-8547-77904F600000},TBAD9645961c-d51d-4393-9ee2-0c47e950e0f3,{54A90753-99FC-CEFE-85CA-77904F700000},TBADed29b099-3b50-4ac1-a012-9a0f5cf7a117,{5B759A6F-8801-C55E-8EC8-77904F700000},,320933,"637443435",Algún lugar de la Mancha,"2021",,"26LJA18C7EMHMIMV                  "
TBAIGI2F992D93AA167A,GESTNOPCON IZFE ,A22221113,N,  ,N ,"",GARCIA ARAMBURU LUIS,"11221122C",ielorduy@serikat.es,2021-01-25,A,2021-01-25,G,Prueba100,Desc. prueba 100,https://www.serikat.es,N,S,"2021/000000433                  ",{FBDC9335-AE0E-CF72-8630-7738B7F00000},TBAD021140d4-62e9-4608-9bef-2f1c47500a63,{C79D17E4-5727-C974-85C7-7738B8100000},TBAD906ec79a-d982-4f7f-a045-3f22c7d3be5c,{85C3435F-47C8-CB90-8E53-7738B8100000},,308135,+34609390992,"C/ Ercilla nº 19, 2ª planta","2021",,WTYAJ7P5G159CF2M                  
TBAIGI2FC861112A52D2,GARCIA ARAMBURU LUIS,"11221122C",N,  ,N ,"",GARCIA ARAMBURU LUIS,"11221122C",jgamarra@serikat.es,2020-11-18,A,2020-11-18,G,TicketBAI Jon2,Licencia de prueba de Jon,https://www.serikat.es,N,S,"2020/000002682                  ",{499DA159-1927-CE7B-8455-75DBF9D00000},TBAD7938ee1c-6178-4d58-a99b-e56b8ab02c6f,{43B317BC-76BA-CBA9-85FD-75DBF9E00000},TBAD7952732f-f426-48ee-858f-2886f8aa3c16,{55966414-3832-CF17-8F94-75DBF9E00000},,282583,+34609390992,"C/ Ercilla nº 19, 2ª planta","2020",,U2X5JS7SG7VQ56T5                  
TBAIGI33E16E7E9C5107, IZENPE S.A.,A01111111,N,  ,N ,"", REPRESENTANTE FICTICIO ACTIVO,"99999973K",koldo.lopetegi@gmail.com,2020-12-10,A,2020-12-10,G,Software test representante,Softwre test representante descripción,http://softrep.com,S,C,"2020/000003741                  ",{CDF54688-FBE5-C331-84EB-764B98F00000},TBAD7edc1f97-1e6c-4927-b912-0c3662027079,{1D23F0E5-3B96-CDA9-8433-764B99000000},TBAD88242ed8-3b49-4d04-b576-a0def03d60bf,{CA12187D-B1D6-CC7F-8E40-764B99000000},,286633,"656733236",Mikasa en mipueblo,"2020",,"3STXXVG4575U61HJ                  "
TBAIGI38CEB47017C6DD,GARCIA ARAMBURU LUIS,"11221122C",N,  ,N ,"",GARCIA ARAMBURU LUIS,"11221122C",ezabala@serikat.es,2021-02-09,A,2021-02-09,G,prueba literales jakinarazi 3,una prueba para comprobar que envia la comunicación jakinarazi con textos traducidos,http://www.serikat.es/dsaf,N,C,"2021/000000720                  ",{7F3AFFF9-1433-C378-8605-778607000000},TBAD0e9cf72b-4947-4c72-94ac-1d188d090c97,{BF2A7031-6A89-CC7A-8407-778607100000},TBAD4072839c-8c7c-4f67-b4d1-fc8e3533e050,{D23EB1B2-2EBA-C5AF-8CD6-778607100000},,319013,"637443435",Algún lugar de la Mancha,"2021",,LQ6GJUZHI4PWCMBP                  
TBAIGI41E2C242DC9D33,GARCIA ARAMBURU LUIS,"11221122C",N,  ,N ,"",GARCIA ARAMBURU LUIS,"11221122C",ezabala@serikat.es,2021-02-09,A,2021-02-09,G,prueba literales jakinarazi 2,una prueba para comprobar que envia la comunicación jakinarazi con textos traducidos,https://www.example.com,N,C,"2021/000000719                  ",{B5355C0A-18D6-C2F3-8737-7785F8D00000},TBADe96418e1-ba02-4e19-83df-8a428ab04832,{A32C1A91-F0BA-C3CE-8EFB-7785F8E00000},TBAD1f92ede5-e893-4ab0-a7b6-97770a8962b1,{35DCB826-232E-C4EA-9658-7785F8E00000},,319010,"637443435",Algún lugar de la Mancha,"2021",,"2M4KKC7ASDLYYGEG                  "
TBAIGI47F8C31DE9F01E,ZABALA GOIRIGOLZARRI ENEKO,"44560096B",N,  ,N ,"",ZABALA GOIRIGOLZARRI ENEKO,"44560096B",ezabala@serikat.es,2021-02-11,B,2021-02-11,G,KubiBAI 2,Prueba error descarga de justificante tras finalizar registro,http://www.serikat.es/dsaf,N,C,"2021/000001016                  ",{986489E2-526C-C19B-8483-779026700000},TBADa6456d4f-c738-4606-853e-e8407880b21e,{E671331F-EF5B-CF2E-859C-779026800000},TBAD8a327c9a-ce76-448d-9793-717c353c727b,{398C52ED-D93D-C700-8C74-779026800000},,320925,"637443435",Algún lugar de la Mancha,"2021",,B6VF3FY1ZQY2I9Y7                  
TBAIGI4C50B251DCB526,FICTICIO ACTIVO CIUDADANO,"99999990S",N,  ,N ,"",FICTICIO ACTIVO CIUDADANO,"99999990S",jgamarra@serkat.es,2020-10-16,A,2020-10-16,G,A,B,https://web.com,S,S,"2020/000002274                  ",{823F8544-69AF-C34C-85CB-753036B00000},TBAD170a1851-42a7-4966-8515-9953f42d045c,{8EA1E293-BC84-CCE1-8725-753037D00000},TBADfb9f061e-7291-4d92-8b51-7b5f9ab3e769,{BBDD9117-1BD0-CC6B-85F6-753038000000},,269174,"609390992",Erandio,"2020",,SS7XW7X3ZYNEJ338                  
TBAIGI4DF700CCDE28F6,ZABALA GOIRIGOLZARRI ENEKO,"44560096B",N,  ,N ,"",ZABALA GOIRIGOLZARRI ENEKO,"44560096B",ezabala@serikat.es,2021-02-11,B,2021-02-11,G,KubiBAI 2,Prueba error descarga de justificante tras finalizar registro,http://www.serikat.es/dsaf,N,C,"2021/000001015                  ",{C873E00D-C0E5-CBB2-86D6-779023C00000},TBADdbb556c9-7755-46a7-963e-cdc8016d366b,{8828DB0B-62AF-CF30-86A8-779023D00000},TBADb1364cdd-76e8-415d-9659-f1eb0de7c501,{5C107F05-A2B5-CCD7-8C4F-779023D00000},,320922,"667667667",Algún lugar de la Mancha,"2021",,FI1D9LFAANYJQ9DK                  
TBAIGI4F603239D56ECB,LOPETEGUI GALARRAGA KOLDOBIKA,"35769210R",N,  ,N ,"",LOPETEGUI GALARRAGA KOLDOBIKA,"35769210R",klopetegi@gipuzkoa.eus,2021-02-17,A,2021-02-17,G,fakturator,fakturator,http://fakturator.eus,N,C,"2021/000001343                  ",{3B30BE88-2893-C174-861E-77AFB3B00000},TBAD5b78b605-c959-4b3a-a048-2dd8ce170b5a,{EF0079A8-AD33-CB93-86BF-77AFB3C00000},TBAD9c4581f3-4c0d-4939-bc21-44656cc363d2,{F5278734-0042-C7CA-8D37-77AFB3C00000},,325667,"555444333",mikasa,"2021",,PD3R7UBDX73TG9X5                  
TBAIGI4FA613D0753CAF,ZABALA GOIRIGOLZARRI ENEKO,"44560096B",N,  ,N ,"",ZABALA GOIRIGOLZARRI ENEKO,"44560096B",ezabala@serikat.es,2021-02-09,A,2021-02-09,G,Prueba descarga justificante 6,Prueba error descarga de justificante tras finalizar registro,http://www.serikat.es/dsaf,N,C,"2021/000000972                  ",{1F82AF69-3B1F-C331-8682-77875FC00000},TBAD76ef4f16-4b6d-4a21-94f5-e1ad0c532913,{8F49589D-4FD9-C5C0-955D-77875FC00000},TBAD0e39211b-57c5-4a9b-90fe-c65ecf9601e8,{902B208D-F3F6-CD55-8B41-77875FD00000},,319072,"637443435",Algún lugar de la Mancha,"2021",,VFUVBDFF8P8ZASRI                  
TBAIGI5890D5BFCC7953,ASEGURADORA ALAVA ,A01052539,N,  ,N ,"",GARCIA ARAMBURU LUIS,"11221122C",jgamarra@serikat.es,2020-10-16,A,2020-10-16,G,TicketBAI Jon,Licencia de prueba de Jon,https://www.serikat.es,S,S,"2020/000002271                  ",{BE5E4CCF-7549-C52E-8619-752FF0300000},TBADd539a8e8-817c-4c3a-88ce-dca5b91ca4cc,{29A54EA8-3419-C272-87A4-752FF1200000},TBADe6831187-2226-4155-aa0e-fb34baedfb15,{43BDF676-2F9A-C478-8614-752FF1400000},,269169,+34609390992,"C/ Ercilla nº 19, 2ª planta","2020",,BN31AQLN451YIXW4                  
TBAIGI5B3DEA61C704AF,LOPETEGUI GALARRAGA KOLDOBIKA,"35769210R",N,  ,N ,"",LOPETEGUI GALARRAGA KOLDOBIKA,"35769210R",koldo.lopetegi@gmail.com,2020-11-24,B,2021-02-08,G,misoft,misoft blabla bla,http://misoft.com,S,S,"2020/000002804                  ",{0042F5A2-7908-CB3F-842D-75FB17200000},TBAD798bf577-df2d-4e07-b67a-4b64657968ab,{3EE73E54-8B2D-C8DE-85B0-75FB17400000},TBAD194e7df2-f450-4341-a51c-8ac941e879e1,{C7966AF0-0108-CF1B-8CDE-75FB17400000},,283074,"656733236",Mikasa en mipueblo,"2020",,U1RL52NADJ8PUJPX                  
TBAIGI5E548D0F0577B4,BANCO DE IRUN SA ,A20002838,N,  ,N ,"",GARCIA ARAMBURU LUIS,"11221122C",ezabala@serikat.es,2021-02-17,A,2021-02-17,G,KubiBAI 222,Prueba error descarga de justificante tras finalizar registro,https://www.example.com,N,C,"2021/000001332                  ",{8298C2F6-BA89-C234-84CC-77AF18500000},TBADf5e800db-d8ad-4659-acd6-6a3eb73da2c3,{AAC4574B-0347-CDBC-86C4-77AF18700000},TBAD4d9af9fa-22a6-4c53-b2c1-637ddb40be76,{E896574E-885F-C7A2-8D28-77AF18700000},,324998,"637443435",Algún lugar de la Mancha,"2021",,"9Z3IP1KFZE467YF4                  "
TBAIGI5E787B5F638686,BANCO DE IRUN SA ,A20002838,N,  ,N ,"",GARCIA ARAMBURU LUIS,"11221122C",ezabala@serikat.es,2021-02-17,A,2021-02-17,G,prueba permisos,Prueba error descarga de justificante tras finalizar registro,https://www.example.com,N,C,"2021/000001333                  ",{7808B3F3-81AC-C126-84EC-77AF19F00000},TBAD670ac516-197d-46ca-9f46-f898810c77b5,{E51FC91A-A008-C6E8-8730-77AF1A000000},TBAD4c2261a1-b113-447f-9dd5-3a7b530c4406,{9853996B-101D-C56D-8F3D-77AF1A000000},,325125,"637443435",Algún lugar de la Mancha,"2021",,"4AF6YGGNFLKE9MCR                  "
TBAIGI6169D42318A29A,FICTICIO ACTIVO CIUDADANO,"99999990S",N,  ,N ,"",FICTICIO ACTIVO CIUDADANO,"99999990S",jgamarra@serikat.es,2020-10-16,A,2020-10-16,G,TicketBAI Jon,Licencia de prueba de Jon,https://www.serikat.es,S,S,"2020/000002270                  ",{B07FC59C-2C1B-CC3C-8713-752FD9C00000},TBADde12c5c7-95b7-4784-91fc-d5962b78d72e,{0CB55811-A084-C58D-86AC-752FDA700000},TBAD173d0304-e80c-4173-8944-d1fc64e99d18,{ED7175EE-4837-C740-85F3-752FDA900000},,269168,+34609390992,"C/ Ercilla nº 19, 2ª planta","2020",,VZNYI9NC8M3E9JP8                  
TBAIGI6660968510C242,FICTICIO ACTIVO CIUDADANO,"99999990S",N,  ,N ,"",FICTICIO ACTIVO CIUDADANO,"99999990S",test@test.com,2020-10-16,A,2020-10-16,G,Test registro 2,descripcion Software,https://www.asda.com,N,S,"2020/000002285                  ",{B07D0A32-80C2-C5E8-86BF-7530FF900000},TBAD555e896d-9de0-471f-a8e0-3e4627f12491,{C18BD3F7-40C0-CF47-856B-7530FFB00000},TBAD0339e9be-d7bb-42c5-84cf-5346436db7f6,{EC327068-DAE9-C6B9-8D59-7530FFB00000},,269330,"943619999",calle falsa numero 5,"2020",,E9R9437CPSSWJQAI                  
TBAIGI673E55D68551B8,ZABALA GOIRIGOLZARRI ENEKO,"44560096B",N,  ,N ,"",ZABALA GOIRIGOLZARRI ENEKO,"44560096B",ezabala@serikat.es,2021-02-09,A,2021-02-09,G,prueba literales jakinarazi 4,una prueba para comprobar que envia la comunicación jakinarazi con textos traducidos,http://www.serikat.es/dsaf,N,C,"2021/000000721                  ",{9051284D-C256-C172-8584-77862F400000},TBADf6e5ca62-5833-4f07-b6d2-324af73d5191,{ACFCE56D-A972-C330-863F-77862F600000},TBAD2526b880-aac2-403d-b221-726726ec3086,{0B529031-7B99-C2C0-8E58-77862F600000},,319022,"637443435",Algún lugar de la Mancha,"2021",,VYETQGJ8ECK65NTZ                  
TBAIGI6901B44C620C46,ZABALA GOIRIGOLZARRI ENEKO,"44560096B",N,  ,N ,"",ZABALA GOIRIGOLZARRI ENEKO,"44560096B",ezabala@serikat.es,2021-02-10,A,2021-02-10,G,prueba sesion  4,Prueba error descarga de justificante tras finalizar registro,http://www.serikat.es/dsaf,N,C,"2021/000001007                  ",{0D860581-E539-CB08-865E-778C6B200000},TBAD3ea9f711-c502-4fbb-8b03-baaea5983a17,{AEE7D7FA-5F13-C9D7-8565-778C6B300000},TBAD60177fa5-f8d9-416c-9848-07f2d8c78147,{46E4E2BA-626C-C9F1-8BF8-778C6B400000},,320862,"637443435",Algún lugar de la Mancha,"2021",,Q7WDVHN67M3EE56T                  
TBAIGI6A1095530770B9,LOPEZ CARRASCO ESTEBAN ,"07769345Z",N,  ,N ,"",GARCIA ARAMBURU LUIS,"11221122C",jgamarra@serikat.es,2020-12-02,A,2020-12-02,G,Prueba ubicación de firma,Licencia de prueba de Jon,https://www.serikat.es,N,C,"2020/000004306                  ",{B78EEDED-835B-CD4E-8576-76244B100000},TBAD15146afa-dd83-484b-a980-46b8d7b7540b,{83ED5120-D011-C2AB-8586-76244B200000},TBAD0c7157e6-e1da-4f66-bc5f-98597b866ecd,{09CD0C19-C071-C3D3-8EFF-76244B200000},,284592,+34609390992,"C/ Ercilla nº 19, 2ª planta","2020","4677     ",WA1MAY8THTJ2G6CF                  
TBAIGI6D5269FF215B80,GESTNOPCON IZFE ,A22221113,N,  ,N ,"",GARCIA ARAMBURU LUIS,"11221122C",jgamarra@serikat.es,2020-12-02,A,2020-12-02,G,Prueba02/12/2020,Licencia de prueba de Jon,https://www.serikat.es,S,C,"2020/000004305                  ",{A5E5B8F0-5B17-CC71-8565-762411800000},TBAD763010e3-4b25-40ee-acdf-213a97c46681,{47C3CD4B-333D-C38B-86D2-762411900000},TBADf832e6b0-7d44-463d-8708-e682d9388b97,{7DB9FF78-B7A0-C983-891A-762411A00000},,284349,+34609390992,"C/ Ercilla nº 19, 2ª planta","2020","4676     ","7V46I7Q6H527188T                  "
TBAIGI79FABB8C8D0C85,Gipuzkoako Foru Aldundia,P2000000F,N,,,, ,         , ,2020-12-22,A,2020-12-22,G,FAKTURABAI,FAKTURABAI, ,S,S,                                , ,                                        , ,                                        , , ,0, , ,    ,         ,                                  
TBAIGI7A393DCE553109,ZABALA GOIRIGOLZARRI ENEKO,"44560096B",N,  ,N ,"",ZABALA GOIRIGOLZARRI ENEKO,"44560096B",ezabala@serikat.es,2021-02-10,A,2021-02-10,G,prueba sesion,sesion sesion donde esta la sesion,https://www.example.com,N,C,"2021/000001004                  ",{3B5160EC-4F20-C95A-8621-778C59300000},TBADc66d2a71-fb45-425c-86ca-1ee02dc661cb,{6C8690FC-1843-C203-84AA-778C59500000},TBADe91959cd-9e21-4e57-a7a0-ce58bbb48a4a,{799098BA-52AA-CC64-8F5F-778C59500000},,320855,"637443435",Algún lugar de la Mancha,"2021",,LYAJ7XI25KZIXY8A                  
TBAIGI7F604C674D2360,ZABALA GOIRIGOLZARRI ENEKO,"44560096B",N,  ,N ,"",ZABALA GOIRIGOLZARRI ENEKO,"44560096B",ezabala@serikat.es,2021-02-10,A,2021-02-10,G,Prueba descarga justificante 8,Prueba error descarga de justificante tras finalizar registro,http://www.serikat.es/dsaf,N,C,"2021/000000996                  ",{53057B23-86C6-C9DC-85F5-778BB5000000},TBAD23748a9d-fcbc-4e29-a7db-3eb7396073e3,{AC0AA02F-AFDA-C3A3-8556-778BB5100000},TBAD330748ee-de0e-4c61-ab6b-b15d33a72049,{4F726668-365A-C86C-8D7F-778BB5100000},,320797,"637443435",Algún lugar de la Mancha,"2021",,FTD44Q75AI6RBASY                  
TBAIGI8382D56BD83ED6,GARCIA ARAMBURU LUIS,"11221122C",N,  ,N ,"",GARCIA ARAMBURU LUIS,"11221122C",iarantzabal@gipuzkoa.eus,2021-01-05,A,2021-01-05,G,"&FakturaBAI¬ #< s> / \ ºªç`+¡'""`'","NULLSOHS TXETXEOT ENQACKBELBSHT LFVTFFCRSOSIDLEDC1 DC2DC3DC4NAKSYNETBCANEMSUBESCFSGS RSUSDELe !""#$%'()*+,-./012 3456789:;=>?@ABCDEFGHIJK LMNOPQRSTUVWXYZ[\]^_`abcdefghijklmnopqrstuvwxyz{|}~Çüéâäàåçêë èïîìÄÅÉæÆôöòûùÿÖ Üø£Ø×áíóúñÑªº¿® ¬¡«»Á ÂÀ©¢¥ãÃ ðÐÊËÈÍÎÏÌÓßÔÒõÕµþÞÚÛÙýÝ¯± ¶§÷°·¹³²nbspñ Ñ@¿?¡!:/\áéíóúÁÉ ÍÓÚäëïöüÄËÏÖ Ü¹³²±×÷$£¥¢®©ªº°""'()[]{}«»",https://www.gipuzkoa.eus/fakturabai,S,C,"2021/000000006                  ",{FDDC9FD3-1B13-C749-8663-76D1E3800000},TBAD7557748a-39bb-4851-a810-af70c43dec0f,{E3E22508-F10B-C4BC-8609-76D1E3A00000},TBAD422b2e64-638b-4b26-be16-64ad9b58374e,{17F1F75F-8847-CD40-8FFC-76D1E3A00000},,294278,"943112233 &/>",Mikeletegi <&% )?¡ .-ç,"2021",,XVPFN2KIXV95IRA2                  
TBAIGI851DA4FF01080A,ZABALA GOIRIGOLZARRI ENEKO,"44560096B",N,  ,N ,"",ZABALA GOIRIGOLZARRI ENEKO,"44560096B",ezabala@serikat.es,2021-02-09,A,2021-02-09,G,Prueba descarga justificante 2,Prueba error descarga de justificante tras finalizar registro,http://www.serikat.es/dsaf,N,C,"2021/000000959                  ",{CB7D824C-FA6B-CF95-84EC-778723900000},TBAD64173cf3-c7a4-4de9-a9b7-3959bcda47a1,{5AEED49E-95EF-CC32-87DC-778723A00000},TBADc5020008-cefe-4e8c-9294-f14ec115cbfa,{1B2B50F6-E768-C200-8EAA-778723A00000},,319040,"637443435",Algún lugar de la Mancha,"2021",,XV2VQN6T953LCXD2                  
TBAIGI882E97DC86713A,GARCIA ARAMBURU LUIS,"11221122C",N,  ,N ,"",GARCIA ARAMBURU LUIS,"11221122C",jgamarra@serikat.es,2021-01-04,A,2021-01-04,G,Test&Test,"Esta descripción ""es mayor"" que este '2'",https://www.serikat.es,S,C,"2021/000000001                  ",{7573CD86-14EA-C8EB-84C2-76CCBE700000},TBAD0cb8c7ca-3451-4e83-8e63-95954224d4e4,{26C36118-254D-C210-8799-76CCBE900000},TBAD075ded59-2e7c-4188-aff9-f46ff08eb87a,{2BFD7983-3D17-C6FD-8D09-76CCBE900000},,294068,+34609390992,"C/ Ercilla nº 19, 2ª planta","2021",,GFDAEZHSH5R4L4PE                  
TBAIGI896A5F011BFAB4,GARCIA ARAMBURU LUIS,"11221122C",N,  ,N ,"",GARCIA ARAMBURU LUIS,"11221122C",jgamarra@serikat.es,2020-11-20,A,2020-11-20,G,TicketBAI Jon 05,Licencia de prueba de Jon,https://www.serikat.es,N,S,"2020/000002707                  ",{CE58B392-DF45-C8DE-86A4-75E458A00000},TBADb2cbbc69-adec-439b-af39-ab0d173ab73e,{95316323-23EE-CE33-8755-75E458C00000},TBADe692a7d4-497b-4cfe-9c6a-178a669ff7c0,{637AF2F0-AAD8-C7D6-8D7F-75E458C00000},,282799,+34609390992,"C/ Ercilla nº 19, 2ª planta","2020",,ZKECIZLR6JWHK5DR                  
TBAIGI8B7CA477C1167E,LOPETEGUI GALARRAGA KOLDOBIKA,"35769210R",N,  ,N ,"",LOPETEGUI GALARRAGA KOLDOBIKA,"35769210R",koldo.lopetegi@gmail.com,2020-11-25,A,2020-11-25,G,otrosoft,otrosoft bla  bla,http://otrosoft.com,S,S,"2020/000002813                  ",{149CA7F4-3662-C453-87C8-75FF8F500000},TBADc3187231-0d86-4669-b184-f65ffb835d1c,{78170451-3123-C5DA-862A-75FF8F600000},TBAD5b1fb790-4263-4ac5-bb9c-d9bd509fae31,{487A8D48-F29F-CD89-8E4B-75FF8F600000},,283102,"656733236",otrakasa,"2020",,PQZ3WR17U8TT5ZVM                  
TBAIGI910A85F45E8F62,ORGANIZACION NACIONAL DE CIEGOS ,Q2866004A,N,  ,N ,"",GARCIA ARAMBURU LUIS,"11221122C",jgamarra@serikat.es,2020-11-27,A,2020-11-27,G,Prueba 27/11/2020,Prueba vesión Noviembre,https://www.serikat.es,S,C,"2020/000002828                  ",{7F0CE0CC-4A11-C6FD-8475-76089D300000},TBAD37ba4b7e-1c4b-4454-b945-806eac4cb6b2,{1A02FFCA-67FB-C0EF-84CF-76089D400000},TBADf1837cb3-571a-433e-96c7-49cc3074de76,{47F79421-F7A6-C90B-8FF0-76089D400000},,283242,+34609390992,"C/ Ercilla nº 19, 2ª planta 48009 BILBAO","2020",,C4IA8DBT9FQ17ANS                  
TBAIGI92FCF078207286,FICTICIO ACTIVO CIUDADANO,"99999990S",N,  ,N ,"",FICTICIO ACTIVO CIUDADANO,"99999990S",test@test.com,2020-10-16,A,2020-10-16,G,Test Firma,descripcion Software,http://www.asda.com,N,S,"2020/000002275                  ",{A0F3F050-5151-C83F-8695-753056000000},TBAD7cae78bb-8a22-4538-bfcb-b828e92be758,{0FEAC685-B998-C959-86F0-753058300000},TBAD52edd011-8b93-46a3-bdad-5b03dfa2aa27,{1DEAA271-4A51-C5F4-87B4-753058600000},,269185,"943619999",calle falsa numero 5,"2020",,TZ4NJCYRU84SRWLQ                  
TBAIGI936820FA6E4209,BANCO DEL NORTE ,A33003088,N,  ,N ,"",GARCIA ARAMBURU LUIS,"11221122C",jgamarra@serikat.es,2020-12-10,A,2020-12-10,G,"107","107",https://www.serikat.es,N,C,"2020/000003763                  ",{64B07AAE-8506-CED8-8621-764C7C200000},TBAD9717f1ea-8979-4cd9-a941-facc12ee49d2,{C0E37A21-25C2-CB0C-85C4-764C7C600000},TBAD30c9b5b8-9b06-4acc-8d57-5278ea08226b,{64C836E2-CD39-C9C3-8F14-764C7C600000},,287312,+34609390992,"C/ Ercilla nº 19, 2ª planta","2020",,WEC7PT22BI2JNMEN                  
TBAIGI9B16CF51BE8148,ZABALA GOIRIGOLZARRI ENEKO,"44560096B",N,  ,N ,"",ZABALA GOIRIGOLZARRI ENEKO,"44560096B",ezabala@serikat.es,2021-02-09,A,2021-02-09,G,Prueba descarga justificante 3,Prueba error descarga de justificante tras finalizar registro,http://www.serikat.es/dsaf,N,C,"2021/000000968                  ",{5D29C26E-2328-C31E-87B8-778745800000},TBAD36ddf002-ac8b-4e9b-8158-d0aea52cd78d,{FFCCFBFD-D138-C414-87F6-778745A00000},TBAD4bc27c6a-2154-4ca6-9231-15b509b15144,{3C7EC92A-933E-CE01-8F89-778745A00000},,319069,"637443435",Algún lugar de la Mancha,"2021",,KAPMXCPILIY4SDXD                  
TBAIGI9BE30A90033549,GARCIA ARAMBURU LUIS ,"11221122C",N,  ,N ,"",FICTICIO ACTIVO CIUDADANO,"99999990S",test@test.com,2020-10-16,A,2020-10-16,G,Test Desarrollo,descripcion Software,https://www.asda.com,N,S,"2020/000002287                  ",{F1DE92C1-606C-CE30-8498-753164C00000},TBADa6742186-664f-44de-9236-d87077125727,{2206F7F8-FEEB-CF63-8717-753164D00000},TBADb06b3de5-eddd-443b-9645-a47370819601,{ED9316F8-5643-C87C-8CFE-753164D00000},,269485,"943619999",calle falsa numero 5,"2020",,KLFYX7ES2G81IAS9                  
TBAIGIA2DE0C0C6FD003,FICTICIO ACTIVO CIUDADANO,"99999990S",N,  ,N ,"",FICTICIO ACTIVO CIUDADANO,"99999990S",jajaja@jaja.com,2021-02-12,A,2021-02-12,G,software test version 2/12/2021,software test version 2/12/2021,http://misoft.com,N,C,"2021/000001223                  ",{FEB646D7-9553-CA46-87DE-779654A00000},TBADa8fb4ce9-2948-4f54-9055-6ff14a06aff4,{29A73BE5-5E55-CB09-85BC-779654C00000},TBAD69a59627-3497-48a3-909b-a9330b9cb90b,{E980394A-92DE-C95B-8EEB-779654C00000},,321140,"5556566888",Mikasa,"2021",,MX12U2A3PDV3Q29H                  
TBAIGIAA747C502A8982,NombreSolicitante,H95903183,,,,,NombreRepresentante,H95903183,pepe@gmail.com,2020-11-16,A,,G,SUPERGESTION PLUS,,,S,S,,,TBAI5f59bceb-9a36-49a6-8083-94d0fc5507ee,,TBAI5f59bceb-9a36-49a6-8083-94d0fc5507ee,,,,"652755988",Lauaxeta 11 9C,,,
TBAIGIB04E50AE284945, IZENPE S.A.,S7836107H,N,  ,N ,"", REPRESENTANTESPJ FICTICIO ACTIVO,"99999974E",jgamarra@serkat.es,2020-12-10,A,2020-12-10,G,"121","121",https://web.com,N,C,"2020/000003769                  ",{326E0F5D-6EAE-CB61-8776-764CAF500000},TBAD2b4c6876-9803-4501-b49a-1f7b6ba7d481,{D118260A-69D0-C80D-9553-764CAF500000},TBAD7d876ea3-677e-45ff-bc12-c281e0294e68,{B5D76895-FBD3-C46B-9E5F-764CAF500000},,287478,"9","9","2020",,I6UN66DR1JH9D33L                  
TBAIGIB98FE5871EE0C7,GARCIA ARAMBURU LUIS,"11221122C",N,  ,N ,"",GARCIA ARAMBURU LUIS,"11221122C",ezabala@serikat.es,2021-02-17,A,2021-02-17,G,KubiBAI 22,Prueba error descarga de justificante tras finalizar registro,https://www.example.com,N,C,"2021/000001331                  ",{EB4D3462-4825-CDCB-87F0-77AF16200000},TBAD28af228b-f407-4482-8c8b-8e75861a23b9,{226A749C-BFFF-C098-8745-77AF16300000},TBAD061e1719-82d0-4e0c-9d25-ccf84392ec2b,{00CDF122-DDD6-CC6F-8CAB-77AF16300000},,324915,"637443435",Algún lugar de la Mancha,"2021",,"7FNTNBDQK4DE94V7                  "
TBAIGIBC79764F165E07,BANCO DE IRUN SA ,A20002838,N,  ,N ,"",GARCIA ARAMBURU LUIS,"11221122C",jgamarra@serikat.es,2020-12-10,A,2020-12-10,G,"100","100",https://www.serikat.es,N,C,"2020/000003752                  ",{CDC141EE-53E7-C952-878D-764C3F800000},TBAD65b9a598-d197-4aad-9be0-61f88e87f606,{D4A3454F-EBBC-CADF-847C-764C3F900000},TBAD4a4a28a5-65d4-4863-86a1-fa3328c6598a,{7766C678-A383-CB9E-8C9E-764C3F900000},,287070,+34609390992,"C/ Ercilla nº 19, 2ª planta","2020",,DZ78JGIVJVBVQ2QG                  
TBAIGIBCA996309A799E,ZABALA GOIRIGOLZARRI ENEKO,"44560096B",N,  ,N ,"",ZABALA GOIRIGOLZARRI ENEKO,"44560096B",ezabala@serikat.es,2021-02-09,A,2021-02-09,G,Prueba descarga justificante 4,Prueba error descarga de justificante tras finalizar registro,http://www.serikat.es/dsaf,N,C,"2021/000000970                  ",{F9B28DFD-B96F-CDE6-876F-778749E00000},TBAD2c0d080f-492a-4eb0-8c1a-cc53462e0ea7,{FAB147F1-19C5-CEE2-8658-778749F00000},TBAD3f09ca0d-d90d-4a8c-9d1e-4562aaff055b,{80DBDC75-CBD5-C462-8CE0-778749F00000},,319070,"637443435",Algún lugar de la Mancha,"2021",,XWPBW8XI4TPG9JVE                  
TBAIGIBD1B3D8A3C1C7C,FICTICIO ACTIVO CIUDADANO,"99999990S",N,  ,N ,"",FICTICIO ACTIVO CIUDADANO,"99999990S",test@test.com,2020-10-16,A,2020-10-16,G,Test Registro,descripcion Software,https://www.asda.com,N,S,"2020/000002284                  ",{846A5198-B56B-C77E-863C-7530FDA00000},TBADb49c03c3-eca5-40c0-92aa-f5c7eac99361,{D68222C8-E25A-CA5C-848D-7530FDC00000},TBAD091735e3-c811-4b52-a5f1-7a5bca286f4e,{46016BAC-2228-C323-8FE3-7530FDC00000},,269329,"943619999",calle falsa numero 5,"2020",,TT7GSLDGRJCF1N43                  
TBAIGIBD8473C3FF2BB8,ZABALA GOIRIGOLZARRI ENEKO,"44560096B",N,  ,N ,"",ZABALA GOIRIGOLZARRI ENEKO,"44560096B",ezabala@serikat.es,2021-02-10,A,2021-02-10,G,Prueba descarga justificante 7,Prueba error descarga de justificante tras finalizar registro,http://www.serikat.es/dsaf,N,C,"2021/000000976                  ",{DCBC6638-33BE-C9C2-863A-778AC6000000},TBAD04cefe18-62ba-4237-a065-ffc1b6ebfb51,{965316FB-DEA6-C6F9-8446-778AC6200000},TBAD6c3dc7d8-42ce-4607-93c4-94bbfffea0e5,{0D042D9F-18C5-C98B-8E5F-778AC6200000},,319182,"637443435",a,"2021",,NRZJU7KCLJY47T1U                  
TBAIGIBDFE1F7040D7CC, IZENPE S.A.,S7836107H,N,  ,N ,"", REPRESENTANTESPJ FICTICIO ACTIVO,"99999974E",jgamarra@serkat.es,2020-12-10,A,2020-12-10,G,"110","110",https://web.com,N,C,"2020/000003765                  ",{8A5AA825-81AB-C6C5-8746-764C84200000},TBADd2c42933-ae94-422d-a646-96cf6bba7210,{6C5EAA07-07E9-C205-8741-764C84300000},TBADace8578b-b7e7-4ac7-9edb-365135b9772b,{99C1915D-1A59-C05C-8F5D-764C84300000},,287313,"5","5","2020",,SX27MCTJ6QEXPQ1V                  
TBAIGIC144D7BE98B0E5,ARANTZABAL ALTUNA IÑAKI,"15384238K",N,  ,N ,"",ARANTZABAL ALTUNA IÑAKI,"15384238K",iarantzabal@gipuzkoa.eus,2020-12-10,A,2020-12-10,G,FakturaBAI 2.0,FakturaBAI bigarren bertsioa,http://www.gipuzkoa.eus/fakturabai,S,C,"2020/000003770                  ",{889EAA29-B7FF-CB8F-85DC-764CB6500000},TBADccdbfbcc-8526-4f98-ae26-b3cc9d611188,{EBB2783E-FD85-C0F9-8655-764CB6600000},TBADa4c4d230-c14b-42c2-bfe9-7898329f181e,{78E2FF4C-FADE-C13F-8F88-764CB6600000},,287479,"943112233",Miramón paselakua º6&,"2020",,UH8RH1HJK1PMDC1T                  
TBAIGIC18E350B56C440,BANCO DEL NORTE ,A33003088,N,  ,N ,"",GARCIA ARAMBURU LUIS,"11221122C",jgamarra@serikat.es,2020-11-18,A,2020-11-18,G,Prueba Noviembre,Prueba Noviembre,https://www.serikat.es,N,S,"2020/000002683                  ",{5F2067FB-7CC1-C4AD-84FE-75DBFD600000},TBAD169cc2c7-39b2-4815-9e5a-38e3d6351fdb,{442CF101-FB25-C1A7-86EB-75DBFD700000},TBADea872ad0-9323-47a7-bdab-58fe3ab9c962,{16FAE41E-A640-CBA8-8FC5-75DBFD700000},,282584,+34609390992,"C/ Ercilla nº 19, 2ª planta","2020",,KR82C54DNDXXNGQ2                  
TBAIGIC6D03C20AF5B13,GARCIA ARAMBURU LUIS ,"11221122C",N,  ,N ,"",FICTICIO ACTIVO CIUDADANO,"99999990S",ezabala@serikat.es,2020-10-30,A,2020-10-30,G,prueba software,software para emitir facturas validas TiketBai,"",N,S,"2020/000002426                  ",{FD5900FF-C6A9-C1BB-84FF-757873C00000},TBAD45998152-d966-4dfd-8653-f9bb6888fc1a,{0C544591-F878-C4D2-85D5-757873E00000},TBAD74e3819e-76f0-407f-b7f2-89ba39bce80e,{13655A24-20E2-CBC9-8F1A-757873E00000},,273924,"667667667",Algún lugar de la Mancha,"2020",,Y4GPT8LRD3P5F1PE                  
TBAIGICA9CDEB6027D1F,ZABALA GOIRIGOLZARRI ENEKO,"44560096B",N,  ,N ,"",ZABALA GOIRIGOLZARRI ENEKO,"44560096B",ezabala@serikat.es,2021-02-10,A,2021-02-10,G,prueba giltza tomcat 7,Prueba error descarga de justificante tras finalizar registro,http://www.serikat.es/dsaf,N,C,"2021/000000983                  ",{7DCC540E-9EE6-C1FD-856D-778B96200000},TBAD27e877b9-128c-4668-a287-7b69e5b4f25c,{407D73D8-85A7-CAAF-87BB-778B96300000},TBAD85a3b114-4c9d-4ee9-9d80-77343840be2b,{DE950999-EBCF-CC2C-8F0F-778B96300000},,320793,"637443435",Algún lugar de la Mancha,"2021",,EU18TEJ4SEL4128E                  
TBAIGICF8DBA13AAC29F,ZABALA GOIRIGOLZARRI ENEKO,"44560096B",N,  ,N ,"",ZABALA GOIRIGOLZARRI ENEKO,"44560096B",ezabala@serikat.es,2021-02-09,A,2021-02-09,G,prueba literales jakinarazi 5,una prueba para comprobar que envia la comunicación jakinarazi con textos traducidos,http://www.serikat.es/dsaf,N,C,"2021/000000722                  ",{03618257-276E-CC0A-8526-778633200000},TBAD617547d2-1fef-41f2-9af2-19f7ca8c9b04,{04498F56-C79B-C3EC-85A6-778633300000},TBAD1606e6d9-173e-4407-96e3-d0d9b76dc463,{86E622EA-A6D5-CCCE-8C8E-778633300000},,319023,"637443435",Algún lugar de la Mancha,"2021",,"98LYRRPELC6JK4TT                  "
TBAIGID1286C7225C7CE, IZENPE S.A.,S7836107H,N,  ,N ,"", REPRESENTANTESPJ FICTICIO ACTIVO,"99999974E",jgamarra@serkat.es,2020-12-10,A,2020-12-10,G,"111","111",https://web.com,S,N,"2020/000003766                  ",{49C84709-9673-C916-8777-764C89400000},TBADb42876c9-43b5-4db3-8e4a-98fce2dce513,{BE11145F-709F-C33C-84F9-764C89500000},TBAD853cc8e6-db68-490a-98dd-99e66d437b6a,{0B71FDB4-4421-CF9D-8F8A-764C89500000},,287316,"5","5","2020",,P5W5V6BI7A56HZXV                  
TBAIGIDBBC0508E33570,FICTICIO ACTIVO CIUDADANO,"99999990S",N,  ,N ,"",FICTICIO ACTIVO CIUDADANO,"99999990S",klopetegi@gipuzkoa.eus,2021-02-08,A,2021-02-08,G,soft en nombre propio,soft en nombre propio,"",N,C,"2021/000000683                  ",{2D711345-6A0A-CBC8-868E-77815EA00000},TBADe74fd921-a118-40d7-bbac-8c2decf3b40e,{604D0EBC-931F-C6EC-87D2-77815EC00000},TBADdbe2c3d9-6724-4b0b-8972-2598fadbf6b5,{FC968BA1-FBF6-C4C2-8F10-77815EC00000},,318434,"555555555",mikasa,"2021",,D9GJDMYTTTFLDHFL                  
TBAIGIE10E70ED5F4BBE,GARCIA ARAMBURU LUIS,"11221122C",N,  ,N ,"",GARCIA ARAMBURU LUIS,"11221122C",jgamarra@serikat.es,2021-01-04,A,2021-01-04,G,Test & test,"Esta descripción ""es mayor"" > que este '2' y menor (<) que ""5' ",https://www.serikat.es,S,C,"2021/000000002                  ",{17C7BC21-842C-C7DE-84B2-76CCC6C00000},TBAD6673c6aa-626c-4f99-b4a6-08055cb7a8d8,{C761FBB7-503D-CEFB-865B-76CCC6D00000},TBAD3cc96a33-83a3-4c4c-a6e5-220a291f149a,{31F9B673-85DB-C25A-8DCC-76CCC6D00000},,294070,+34609390992,"C/ Ercilla nº 19, 2ª planta","2021",,J1FDEJIBJRII56A2                  
TBAIGIE37E3AFA157587,ZABALA GOIRIGOLZARRI ENEKO,"44560096B",N,  ,N ,"",ZABALA GOIRIGOLZARRI ENEKO,"44560096B",ezabala@serikat.es,2021-02-10,A,2021-02-10,G,prueba sesion  3,Prueba error descarga de justificante tras finalizar registro,http://www.serikat.es/dsaf,N,C,"2021/000001006                  ",{FF925A1A-E30B-CCBC-84AC-778C65200000},TBADed0a9510-79d2-4102-9edb-8712827732d0,{6F4D6508-214C-C0D8-8571-778C65600000},TBADc18da6c5-f36b-41eb-8c22-448c4fe11bba,{145AB878-6FC6-C787-8FC0-778C65600000},,320859,"637443435",Algún lugar de la Mancha,"2021",,NLVPX3X8IW6L3RMR                  
TBAIGIEF9AD2932B481F,ZABALA GOIRIGOLZARRI ENEKO,"44560096B",N,  ,N ,"",ZABALA GOIRIGOLZARRI ENEKO,"44560096B",ezabala@serikat.es,2021-02-10,A,2021-02-10,G,Prueba descarga justificante 11,Prueba error descarga de justificante tras finalizar registro,http://www.serikat.es/dsaf,N,C,"2021/000001008                  ",{E53A5D82-EADB-C0D1-877B-778C73C00000},TBAD5c5f533d-232b-4b9c-97ab-02656a97a720,{5D22E262-D06C-C466-85AB-778C73E00000},TBAD733f599b-e30b-48bc-8a57-248c524f3bc8,{990B8F6F-4E89-C464-8C9C-778C73E00000},,320863,"637443435",Algún lugar de la Mancha,"2021",,L5AK8F8XX7AHJ8GN                  
TBAIGIF1B743ADF1C150,GARCIA ARAMBURU LUIS,"11221122C",N,  ,N ,"",GARCIA ARAMBURU LUIS,"11221122C",ezabala@serikat.es,2021-02-09,A,2021-02-09,G,prueba literales jakinarazi,una prueba para comprobar que envia la comunicación jakinarazi con textos traducidos,http://www.serikat.es/dsaf,N,C,"2021/000000718                  ",{5D86D27D-4F63-C76A-8553-7785F3B00000},TBAD85eef45e-904a-4502-b28c-4940eba45e6b,{BEEC9BF1-D661-C837-873C-7785F3C00000},TBADa5cbfc1e-658e-476d-8af3-4bdf854591e3,{EA1F221D-B290-C946-8F0F-7785F3C00000},,319009,"637443435",Algún lugar de la Mancha,"2021",,GARWH85QT8X1MUK1                  
TBAIGIF23A8719001707,ZABALA GOIRIGOLZARRI ENEKO,"44560096B",N,  ,N ,"",ZABALA GOIRIGOLZARRI ENEKO,"44560096B",ezabala@serikat.es,2021-02-10,A,2021-02-10,G,prueba giltza tomcat 5,Prueba error descarga de justificante tras finalizar registro,https://www.example.com,N,C,"2021/000000995                  ",{3F2B5B21-3B13-CDF9-85CC-778BB0500000},TBADc568edbe-204d-495e-8084-35edd55373c7,{7A92248D-A248-C06C-85B5-778BB0600000},TBADf7a1b619-9ac1-4618-a979-cb6514ecfdd4,{F66F9240-78B1-C857-8FA1-778BB0600000},,320796,"637443435",Algún lugar de la Mancha,"2021",,IQY885HVT4HR7B6H                  
TBAIGIF250417C0A0FD7,ARANTZABAL ALTUNA IÑAKI,"15384238K",N,  ,N ,"",ARANTZABAL ALTUNA IÑAKI,"15384238K",iarantzabal@gipuzkoa.eus,2020-10-26,B,2020-10-26,G,TBAI Fakturak,TBAI Fakturak Gipuzkoako Foru Aldundiko fakturak kudetzeko aplikazioa,http://www.gipuzkoa.eus/ticketbai,S,S,"2020/000002360                  ",{1A23465E-5B60-C2CB-8405-7564A6600000},TBAD16a6362a-ed9d-4a02-9f4a-00e824d5d15e,{C90E474A-D952-C5A4-8745-7564A6700000},TBADe22cbe99-1ead-48d6-91cc-2480f35555b1,{462A378D-3723-CFD0-8F16-7564A6700000},,272506,"943112233","Miramon paselekua 164, 10D","2020",,FI2NX3J3BB14J721                  
TBAIGIF6F21763583FE9,ASOCIACION VASCA DE LUCHA DE PCON ,G48200802,N,  ,N ,"",GARCIA ARAMBURU LUIS,"11221122C",klopetegi@gipuzkoa.eus,2020-12-16,A,2020-12-16,G,Software test legal,Esta es una descripción que realmente debería de ser un cuadro de texto más largo.,http://susoft.com,S,C,"2020/000003896                  ",{0CA8E35C-0B69-C4E5-87E5-766C5B200000},TBAD145801cd-31a5-4883-bd92-5c9736bea65f,{8B9F3F88-0019-C41E-8550-766C5B300000},TBAD4819335f-3b22-459a-9e86-56769919cece,{EDE227BD-C607-CE70-8E7C-766C5B300000},,290219,"656733236",sukasa en supueblo,"2020",,Z5CAA4ESURA719IX                  
TBAIGIFF5A31DDFBCACA,GARCIA ARAMBURU LUIS,"11221122C",N,  ,N ,"",GARCIA ARAMBURU LUIS,"11221122C",jgamarra@serikat.es,2020-11-20,A,2020-11-20,G,TicketBAI Jon 06,Licencia de prueba de Jon,https://www.serikat.es,N,S,"2020/000002708                  ",{9DC6BE54-12B3-C775-8488-75E486600000},TBAD9e3a9976-9fe0-431c-b054-fe8c68b25652,{94647B48-BC9B-C1EE-84AA-75E486700000},TBADad3d1e47-b152-4f0c-9172-d89529b599a4,{75D95D5D-9077-CDFD-8CF6-75E486700000},,282801,+34609390992,"C/ Ercilla nº 19, 2ª planta","2020",,J8F9AUC5SAGMYHZ7                  
TBAIGIFFC76C0CB3A9A2,ZABALA GOIRIGOLZARRI ENEKO,"44560096B",N,  ,N ,"",ZABALA GOIRIGOLZARRI ENEKO,"44560096B",ezabala@serikat.es,2021-02-10,A,2021-02-10,G,Prueba descarga justificante 9,Prueba error descarga de justificante tras finalizar registro,http://www.serikat.es/dsaf,N,C,"2021/000001003                  ",{8A2A99D3-E095-C1A0-8702-778C4F200000},TBAD06101fb3-f2b2-49ab-b749-2274919d2968,{17410A20-AAFC-CAC6-87F0-778C4F400000},TBAD2fb4348e-9ae4-4e7b-b7ee-e1c993ad95c1,{6832289D-0CB4-C2CD-8CB9-778C4F400000},,320854,"667667667",Algún lugar de la Mancha,"2021",,"69JPNGYDD5PIRWS9                  "
TBAIGIPRE00000000016,"Ceesa, S.A.",A48201750,N,,,,NOMREP,"12345678Z",a@b.c,2020-06-01,A,2020-06-01,G,GESTION IGP, , ,S,S,reg-entr                        ,reffndec,CSV-dec                                 ,reffnli,CSV-li                                  ,FN-MEM,FN-REP,12345,TELEF,DIREC,unia,unin     ,"123                               "
TBAIGIPRE00000000050,SCHULTES MICROCOMPUTER VERTRIEBS GMBH&CO.KG,,E,DE,"02",DE121106099,NOMREP,"12345678Z",a@b.c,2020-06-01,A,2020-06-01,G,S700BLUEPOS, , ,S,S,reg-entr                        ,reffndec,CSV-dec                                 ,reffnli,CSV-li                                  ,FN-MEM,FN-REP,12345,TELEF,DIREC,unia,unin     ,"123                               "
TBAIGIPRE00000000068,Tecnimática S.L.U.,B78336971,N,,,,NOMREP,"12345678Z",a@b.c,2020-06-01,A,2020-06-01,G,Mastersql, , ,S,S,reg-entr                        ,reffndec,CSV-dec                                 ,reffnli,CSV-li                                  ,FN-MEM,FN-REP,12345,TELEF,DIREC,unia,unin     ,"123                               "
TBAIGIPRE00000000069,Qbikode Solutions S.L.,B78336971,N,,,,NOMREP,"12345678Z",a@b.c,2020-06-01,A,2020-06-01,G,KubiBAI, , ,S,S,reg-entr                        ,reffndec,CSV-dec                                 ,reffnli,CSV-li                                  ,FN-MEM,FN-REP,12345,TELEF,DIREC,unia,unin     ,"123                               "
