"NIF_COLABORADOR","ORIGEN_COLABORADOR","NOMBRE_RAZON_COLABORADOR","ACTIVO","FECHA_HORA_ALTA","FECHA_HORA_BAJA"
J7102572J,TICKETBAI ,PEPE GONZALEZ,S,2020-11-11-12.12.12.000000,
"65847921W",TICKETBAI ,PEPE GONZALEZ,S,2020-11-11-12.12.12.000000,
A20000501,TICKETBAI ,PEPA GONZALEZ,S,2020-11-11-12.12.12.000000,
S7836107H,TICKETBAI ,PEPA GONZALEZ,S,2020-11-11-12.12.12.000000,
"99999999R",TICKETBAI ,PEPA GONZALEZ,S,2020-11-16-12.12.12.000000,
"15992928Q",TICKETBAI ,PEPA GONZALEZ,S,2020-11-16-12.12.12.000000,
"99999990S",TICKETBAI ,PEPA GONZALEZ,S,2020-11-16-12.12.12.000000,
"50057682E",TICKETBAI ,Francisco Javier López Montero,S,2021-01-26-14.00.00.000000,
