"ID","VERIFICADO_CERTIFICADO_REMITENTE","VERIFICADO_ESQUEMA","VERIFICADO_NEGOCIO_BASICO","VERIFICADO_DATOS_BASICOS","VERIFICADO_DUPLICADO","VERIFICADO_IDENTIDAD_REMITENTE","VERIFICADO_FIRMA_XML","VERIFICADO_IDENTIDAD_FIRMANTE","VERIFICADO_ENCADENAMIENTO","VERIFICADO_NEGOCIO_ADICIONAL","VERIFICADO_LICENCIA_TBAI","VERIFICADO_IDENTIDAD","VERIFICADO_CONTENIDO","VERIFICADO_ECONOMICO","SERIEFACTURA_ANTERIOR","NUMEROFACTURA_ANTERIOR","FECHAEXPEDICIONFACTURA_ANTERIOR","FIRMAFACTURA_ANTERIOR","LICENCIA_TICKETBAI","NIF_ENTIDAD_DESARROLLADORA","ENTIDAD_DESARROLLADORA_CODIGO_PAIS","ENTIDAD_DESARROLLADORA_IDTYPE","ENTIDAD_DESARROLLADORA_ID","NOMBRE_SOFTWARE","VERSION_SOFTWARE"
8688,"1","1","1","1","1","1","1","0","3","1","2","2","2","2","2020                ","5                   ",2020-10-08,YEFogJBPtGDoR7Lr7ALtQdC+aNg2kVqcQOUO8S2aiDySV89qQvMEsLqvPPOZMQU2ygK1x1HodwA6e8UBVGyZa6WAEEAUtE8+bSTE,TBAIGICC747C502A8911,D00843474,,,,Worm Machine SP,"1.0"
8689,"1","1","1","1","1","1","1","0","3","1","2","2","2","2","2020                ","3                   ",2020-10-08,FhpGK8OH4NX6dfHHn91FOfA6XOEd4yusBe4rCPKimPmleSj1FD4+Tf/tGhneD61GIrGhg8W+C2XpXDVAXwlOQk8LBzxiY7Gl8jdm,TBAIGIBB747C502A8993,G27030121,,,,Generatron 2000,"2.3"
8702,"1","1","1","1","1","1","1","0","3","1","2","2","2","2","2020                ","5                   ",2020-10-08,YEFogJBPtGDoR7Lr7ALtQdC+aNg2kVqcQOUO8S2aiDySV89qQvMEsLqvPPOZMQU2ygK1x1HodwA6e8UBVGyZa6WAEEAUtE8+bSTE,TBAIGICC747C502A8911,D00843474,,,,Worm Machine SP,"1.0"
8703,"7","1","1","1","1","7","2","0","3","1","2","2","2","2",MM                  ,"5                   ",2020-10-30,U7MQ+gwcPMX3zBKHp/yWvnUwTGdwvUrvv2FXA51/UUdJbElIhA27PG2VWnHvaMGGzLi11YGa90f0LKtG5yd/GJ79HFbjL+xEQdVb,TBAIBIBxGUljw8LZQQ8F,B58836321,,,,Sage 200,"2021.00.000"
8704,"7","1","1","1","1","7","2","0","3","1","2","2","2","2",MM                  ,"5                   ",2020-10-30,U7MQ+gwcPMX3zBKHp/yWvnUwTGdwvUrvv2FXA51/UUdJbElIhA27PG2VWnHvaMGGzLi11YGa90f0LKtG5yd/GJ79HFbjL+xEQdVb,TBAIBIBxGUljw8LZQQ8F,B58836321,,,,Sage 200,"2021.00.000"
8711,"7","1","1","1","1","7","2","0","3","1","2","2","2","2",A                   ,"20200359            ",2021-02-04,KKyIYrazaKebPSvzfs5Y8HAx2ij54xzzLNHVpygmjxPQo0y4F30jXO4sLpCwYcjNnETRYO713w+x7FCIcY2oVoHC2Kgkw2sWKcLf,TBAIGIPRE00000000006,"15986443V",,,,Asei ERP Pymes,b.096
8712,"1","1","1","1","1","1","2","0","3","1","2","2","2","2","1                   ","2021-130            ",2021-02-10,W9G81s1jOytwPYmxfhjWVERumglTr4alEIAA8jp0w9tzyiZwcMbECI4Q1iBBJCDr+Gm5buXdx/Iaq7Wz3z/0nBe8xMDy0FBtgjgs,"00001               ",J7102572J,,,,FaktuGest,"1"
8713,"1","1","1","1","1","1","1","0","1","1","2","2","2","2",A                   ,"20200360            ",2021-02-04,Se81CrK8LUjgp2IdXCoKoLK55zd6S+u5yD6Inl9v9+KRC3yW5WWx7Be06f7AKPRNZ2QFxrxzxaGlBqgNYBC3gQ8bG7O+lpQG9srZ,TBAIGIPRE00000000006,"15986443V",,,,Asei ERP Pymes,b.096
8714,"1","1","1","1","1","1","1","0","3","1","2","2","2","2","1                   ","0000002             ",2021-02-10,A3gyoB4TC67O7WxAR5x32BHS3P29qrX9vBR6HpbWM45VXjKznXYGX5QgR9mYX58GlTyWT+1e85vrX3GoVu1f47NU+T2xeOBJgB41,TBAIGIPRE00000000034,A58417346,,,,a3ASESOR|ges,V.5.99.9
8715,"1","1","1","1","1","1","1","0","3","1","2","2","2","2",,"00000004            ",2021-02-04,AdjsmGtZg5g44+Bw7AeStVJO6ZjsQ/UH2g4x0d7wRiTQWO3ZP9q65H4GSTZtxHJ875p0FhHV/36JugXIaytwSN05vfrgxveE1mdh,TBAIGIPRE00000000004,B95198321,,,,Diamages,"9.0.0.0"
8716,"3","1","1","1","1","3","3","0","1","1","2","2","2","2",,"00000005            ",2021-02-08,UiPSR8XEaHRB96nF9h6xtuBzUuM9YBLgBi67mMyEk3Je75a5SWAiWPyeweF4jRAeNjjfu306HAnpUq1oF+fQYYcrxan3F/oSbuGc,TBAIGIPRE00000000004,B95198321,,,,Diamages,"9.0.0.0"
8717,"3","1","1","1","1","3","3","0","1","1","2","2","2","2",A                   ,"20200361            ",2021-02-10,cfHQyWtvhX0R1jNC/TFrvAozisgOQBUfFOCDpDdMAJUCMNntolOFIhdZE2qOAqFtI1hu02EZuhKrbJe/gvkK3Mc3jQCXY17LmMjq,TBAIGIPRE00000000006,"15986443V",,,,Asei ERP Pymes,b.096
8718,"1","1","1","1","1","1","1","0","3","1","2","1","2","2",,"1                   ",2021-02-10,H03IVqHFhCc97XdWsbORU9Meto6ggNxHibO9EGcfERYsZtIcSHbd4lk2uu1HvMuWnqSnlKMW7G6LK23cpHnlWMtJcg2zEm777rT+,LICENSE CODE        ,X0000000X,,,,Acme TBAI,"0.1"
8719,"1","1","1","1","1","1","1","0","3","1","2","2","2","2","1                   ","0000018             ",2021-02-10,X1Xmvbb7uwxKcQN/16OZOSzFWteBCEcaj6bksHZaiaauT5J4tHWjl1aUrKXzGQL3xAbAYE/B2mh/ssQAvLbRLeoZ4IlsxE+7R3gR,TBAIGIPRE00000000034,A58417346,,,,a3ASESOR|ges,V.5.99.9
8720,"3","1","1","1","1","3","3","0","1","1","2","2","2","2",A                   ,"20200362            ",2021-02-10,GkDaiA4dXK0axIop9rR0FpDiRN1vxI3T2pFywKfxNxlSYJA0FFrvz7eOlE16yXXs3Wa8RQywd33FitJqicbF4s0QRxFNuJIv/yCn,TBAIGIPRE00000000006,"15986443V",,,,Asei ERP Pymes,b.096
8721,"3","1","1","1","1","3","3","0","1","1","2","2","2","2",A                   ,"20200363            ",2021-02-10,dZMzCQXmJsB42Frmx1y2O42FtP8bSZuIuhlIKhN8sBibFCnKTyG2Ev5mV3Ht8kjQQvELyfaEWwO+OFblw7LSJ+tlaAhVgXtjRmF5,TBAIGIPRE00000000006,"15986443V",,,,Asei ERP Pymes,b.096
8722,"3","1","1","1","1","3","3","0","1","1","2","2","2","2",A                   ,"20200364            ",2021-02-10,cCoYO1zXfS3ft/7XDtmWkdQ2s3dy8ZXlT0xTu0+zdXucKNad3Im6WVvKYP7p5hPT3j+yZs7iWalGpyKX7YP5E7NbshtNjLYdO+xN,TBAIGIPRE00000000006,"15986443V",,,,Asei ERP Pymes,b.096
8723,"3","1","1","1","1","3","3","0","1","1","2","2","2","2",A                   ,"20200365            ",2021-02-10,HXsr8qESoQRh4NCAEe58PyqU8xvtDPytsfyCs0ghRfv60YbExELztQY//GbRFIOrPzqcV3wJwThermyjxqv/8T2qemt6XaK23XSK,TBAIGIPRE00000000006,"15986443V",,,,Asei ERP Pymes,b.096
8724,"3","1","1","1","1","3","1","0","3","1","2","2","2","2",ARR                 ,"1                   ",2021-02-05,dFQAkCaTIB6cl8owjvZYVqfqGzl6SOH5Pg8KPC+jd7H/Ar7+zjLj17/VtuE460aBO3I/ZM51qFgSkV4bnPFTTp//6IpCSrCkeMpG,TBAIGI1B20D530D7A0FE,A01337260,,,,Ef4ktur,"6.0.0"
8725,"3","1","1","1","1","3","3","0","3","1","2","2","2","2","1                   ","0000005             ",2021-02-10,XjS3GJap+sFDSzZopHugjZV8n27Dbk4izO85UfmnlyvBxmSHnfgFgcs7L5L8WnbMOCEFMF1SGEgR0YHkx+blx8v2BiOCOVeLGpuG,TBAIGIPRE00000000034,A58417346,,,,a3ASESOR|ges,V.5.99.9
8726,"3","1","1","1","1","3","3","0","1","1","2","1","2","2",,"2                   ",2021-02-10,sqwq3A6u56xQ6vt0xg/uCYRkx+U3CALeAI28wTDsfRM2nQwlDuyz3xVO4ySF5+IAKc2UmHFrPGjVV17I9av0s6SFm6nLa1j5F3pC,LICENSE CODE        ,X0000000X,,,,Acme TBAI,"0.1"
8727,"1","1","1","1","1","1","2","0","3","1","2","2","2","2","1                   ","50                  ",2020-01-02,gZwWOqYPQVuKRx/1dmPvZI7FJn4XyI72Iss3uxCMTs9Vcis/Z7xeYN64xls5nmodx3ooS4wnSpw1gRj9P9fCy9JT6YM2dgHjMfKK,TBAIGIPRE00000000081,B26400754,,,,FACTUDAT,"21"
8728,"3","1","1","1","1","3","3","0","1","1","2","1","2","2",,"3                   ",2021-02-11,SnRMIei1HwKyNSYUcw77XLVEPdfVqrdyoYKQgdJpNuz2YbdBeH4Oj2mEA59tDnoRVtcqJRUQ43SjPxyCsX2bd0q5JF73rsbp+tpw,LICENSE CODE        ,X0000000X,,,,Acme TBAI,"0.1"
8729,"3","1","1","1","1","3","3","0","1","1","2","1","2","2",,"4                   ",2021-02-11,Kwp5mbtnimHDI0VWam0pUihimD/aijRkbF6oUgZ/J/6R/uTgfBsUgEGM6HQBiuDQcWA/lnX5j8rtC2c0ButyL13IMwEa8UWtK5Jf,LICENSE CODE        ,X0000000X,,,,Acme TBAI,"0.1"
8730,"3","1","1","1","1","3","3","0","1","1","2","2","2","2",A                   ,"20200366            ",2021-02-10,T+1Q6FgxPh4xDzYT6fYaMLdsmeVSzoB+x8ClU6+aD7uqMXOqStAPhTqL+9LBXLB+InpMI0IkCQkXGRsASmKfMUvaKAcEJjox93O7,TBAIGIPRE00000000006,"15986443V",,,,Asei ERP Pymes,b.096
8731,"3","1","1","1","1","3","3","0","1","1","2","1","2","2",,"5                   ",2021-02-11,OJOPRpFHjIdEL5TEOKgY5AGmatMFBTabUUKkj39E4APzO0qevIm3hy4HJycUVTMNfYqXM8iHNDYoN3m5QFI1zbPkuakAOHykJsz8,TBAIGIPRE00000000003,B20990602,,,,Odoo Binovo,"0.1"
8732,"3","1","1","1","1","3","3","0","1","1","2","1","2","2",,"6                   ",2021-02-11,Nm7YKEMpYCGdPk1bHKb6GDQgAMT5znb75izdyfYlVJ9qrRZC9irCA3HvBU+20wnE0GlPyuHG85aRADCu0xuYNN3ziQ5BMlC8SxYv,TBAIGIPRE00000000003,B20990602,,,,Odoo Binovo,"0.1"
8733,"3","1","1","1","1","3","3","0","1","1","2","1","2","1",,"7                   ",2021-02-11,kAyx4Z8ySwzG6GFHoKVjBMB6GfjA9YbDIyQ73ahHAHr2Z8O1HMPGDkgshif/vU9WJhMKQpkS9wNd7bN/Bs25kfu4dVSz7sGs/Vi8,TBAIGIPRE00000000003,B20990602,,,,Odoo Binovo,"0.1"
8734,"3","1","1","1","1","3","3","0","1","1","2","1","2","2",,"8                   ",2021-02-11,q3Y1IkS4BCifV5+9DIOwl8Ckm8O7sX86RFTkGE01S4zrXLqkb/VbiCgbU3sclJS7mxM+MUcD4vIUDoHYwhCwTyu/cP37wQBqRPk5,TBAIGIPRE00000000003,B20990602,,,,Odoo Binovo,"0.1"
8735,"3","1","1","1","1","3","3","0","1","1","2","1","2","2",,"9                   ",2021-02-11,GiZZIn9dhPXBDtMqxkvDdHWinZRZJajVlTl/GUT5Ov2zSwzC5mihzYsaivL2WY8lC+A+IFuz71mhcY4tZBqhFICyhJLUFrPINTPV,TBAIGIPRE00000000003,B20990602,,,,Odoo Binovo,"0.1"
8736,"3","1","1","1","1","3","3","0","1","1","2","1","2","2",,"10                  ",2021-02-11,bcO1YTxyOooCqEezl8FeizKZRHyeoK7o+3KwIWtRliUl/fKQT63FrjnQOBLG4FlARZetIOqXP7ufljUwG4UVZK0RENN0NTnedZZ5,TBAIGIPRE00000000003,B20990602,,,,Odoo Binovo,"0.1"
8737,"3","1","1","1","1","3","4","0","3","1","2","2","2","2","1                   ","8700                ",2020-02-11,hh4e2kZFSos7qRcR2XPxn48LLHvnsQXWabPFxMlQEXbDiHMeRKfVz4U/ssaLdiUk20ntotR06Xyp8jGl8pRfQhwOo9HJiOEoz4um,TBAIGIPRE00000000081,B26400754,,,,FACTUDAT,"21"
8738,"1","1","1","1","1","1","1","0","3","1","1","2","1","2","2020                ","9                   ",2020-10-08,E/0JHEjWH/V3bjdYk8gkTcSWbSxet6fq/L0idq8TKFxZw/c4qXXOJLjzvXizpBcrxN8r1P1fiXDRb2ZxdTR7gaanSO7YGj/pxUDu,TBAIGIAA747C502A8982,H95903183,,,,Supergestion PLUS,"7.0"
8739,"1","1","1","1","1","1","1","0","3","1","2","2","2","2","2020                ","9                   ",2020-10-08,Qj5/1kgpcbYEQoQEf9G7DFqDC15H5bV1Qyg5URn2OmsPDOAOVf+g4Kb0PRZq1wNfVc7+Qfv7KkG+IAnqd5xQwCQuNx+Tb9jSFIOz,TBAIGICC747C502A8911,D00843474,,,,Worm Machine SP,"1.0"
8740,"3","1","1","1","1","3","2","0","3","1","2","2","2","2","1                   ","56                  ",2020-01-02,mdT32Nf81+zS786oVBarcl23PDxqbdQKwZ7r+12LpDgdnPfq8I4RIRkZ0fxayNlKKe+TmNrS+rDexKtyP/LKC4W8fVmGL6Cz8FIc,TBAIGIPRE00000000081,B26400754,,,,FACTUDAT,"21"
8741,"1","1","1","1","1","1","1","0","3","1","2","2","2","1","0                   ","202002541           ",2020-12-04,KWTK1RLd2q6ff85i8hcmZZMoYMbe/DeU8Hfevo7FTNo762/yOcMqGUNjv76dP7NJJrqCyDdWcWvps3H19PI2yr/oYkcISPdABsbE,TBAIGIPRE00000000038,A29228129,,,,Ambar7,"5.9.230"
8742,"1","1","1","1","1","1","2","0","3","1","2","2","2","1",,"1293                ",2020-10-21,YtnOtpBsqmhdKgJbwXjGKT/+15dLjZRaVeT00ysHldbiBzNCd7/tZJ9wL2nilbyYen8jX0tOCKOaMG44vMv5aEuhpqY3PDMx02a,XXX-XXX-XXX         ,A01337260,,,,IZENPE,"6.0.0"
8743,"1","1","1","1","1","1","2","0","3","1","2","2","2","2",,"3                   ",2020-12-18,dKWhIBY1EmHTvzxpZ6huXkjfriKE81Ez5DYDcRiposVHYkhjzEU/3w8UfmleKfagFm0/FjqULDEvulnJPkIl9amRcaEsfKls90Pr,TBAIBIyf+VU8zbWJF32u,B48654628,,,,Vector ERP,"2020.1"
8744,"1","1","1","1","1","1","1","0","3","1","2","2","2","2","001                 ","0001420             ",2020-12-28,GV4keBadYn9LyhiyxMf8eFy7rDuRObfwQYBNSILipKwguRVZRXFhEqihJgmJpH8Ng/oX1id83ZjLdKNBQ+MTd2neevj2havfwoSk,TBAIGIPRE00000000043,B88238175,,,,TPV EN LA NUBE,"1.7.85"
8745,"3","1","1","1","1","3","3","0","1","1","2","2","2","2","001                 ","0001421             ",2020-12-28,k9Bnbi70VAmyYjR0w0uI+rdmCVfysdNPLaCXXd9iklPjc426F9dIaZe9ufbzplaPoCD3I5Tx527SKgZtIuA/ltKTDizkbnGg0xqQ,TBAIGIPRE00000000043,B88238175,,,,TPV EN LA NUBE,"1.7.85"
8746,"1","1","1","1","1","1","2","0","3","1","2","1","1","1",FV                  ,"20191416            ",2021-01-05,MPlNrPdYTHnyCr88TyfE5rwUquynuDGaGLy7poYcmCzr1z+RtkHcnCFrreFW2a7GzsMluKcTa52HzZFc+wXqIbM5cpU2BwV2YMia,TBAIGIPRE00000000066,"15953861A",,,,EVOLUTION ERP,"2.0"
8747,"3","1","1","1","1","3","4","0","3","1","2","1","1","1",FV                  ,"20191459            ",2021-01-06,B9dQ1nDBP820F7TSlPjSJqsqM+7PJ2Kam56yrT42vEqqLvz/iRCZymrcSQ5hS8uT+Gk/NazLT9VJZNlDsE1uV2HnCzWUzEBweMeF,TBAIGIPRE00000000066,"15953861A",,,,EVOLUTION ERP,"2.0"
8748,"3","1","1","1","1","3","2","0","3","1","2","2","2","1",,"1295                ",2020-10-26,nlKhamzahggczHCajHsEnRobIpuIbicP7ZGdFV2Kn3B5K9X1KznfxxoK0dA7+nzwBtCgpzT0NSeYMXp+grr1ZvOUEHp0QntL11J,XXX-XXX-XXX         ,A01337260,,,,IZENPE,"6.0.0"
8749,"3","1","1","1","1","3","4","0","3","1","2","1","1","1",FV                  ,"20191462            ",2021-01-06,CsZlwtPyvpb6w1b9PHALgKSWeMw2mfCCuXQjzD2jC9lEYNV3aWGmfMtd6dIbdHduflACxKVOlguym6Km0mIWGo/DXAVPmKlVnn+D,TBAIGIPRE00000000066,"15953861A",,,,EVOLUTION ERP,"2.0"
8750,"1","1","1","1","1","1","1","0","3","1","2","2","1","2","1                   ","206                 ",2021-01-07,l77IC9JxHhlJPKv0qh4s4CLrhzfqo+xm0qpWggMHJqzZZmEt/icxwo1zqwQ+ik+BPvrL+dYs9CcRM6Em841gDT0ciTqAAEDogCSD,TBAIGIPRE00000000029,B53186722,,,,Glop,""
8751,"3","1","1","1","1","3","3","0","3","1","2","2","1","2",AB1                 ,"11                  ",2021-01-07,f1aH6lRQ/E3/utG7hhawK8OPonybarAY9TzuMjMN7k5zwVxrIKoehb7rXHySKC6EeGRwGov1AERUIBFwJDPuUS7vCRJzSb5a/iNh,TBAIGIPRE00000000029,B53186722,,,,Glop,""
8752,"3","1","1","1","1","3","4","0","3","1","2","1","1","1",FV                  ,"20191324            ",2021-01-08,rOEzNRnpBORMajm+p9lH2R+EuRdge8hlollcTKtAaOFH3O/A2T+/7QvIQeG8Wf99GOUyDjpipcX6qvp1DRlS9MlhkI0RFJeVXw3e,TBAIGIPRE00000000066,"15953861A",,,,EVOLUTION ERP,"2.0"
8753,"3","1","1","1","1","3","1","0","3","1","2","2","2","2",FJMB                ,"1                   ",2021-01-08,"0lYXAQyy9AHdwaWC6f0X7xb5qXRA1+jUdAm19wxhdxMcGI0byOkr947P/0tTbeP0u1raRLDKGIX1/mg9Xa7Qx326Jr6Ms7ARCVH",TBAIGIPRE00000000002,A01337260,,,,Ef4ktur,"6.0.0"
8754,"3","1","1","1","1","3","3","0","3","1","2","2","2","2",FJMB                ,"1                   ",2021-01-08,"0lYXAQyy9AHdwaWC6f0X7xb5qXRA1+jUdAm19wxhdxMcGI0byOkr947P/0tTbeP0u1raRLDKGIX1/mg9Xa7Qx326Jr6Ms7ARCVH",TBAIGIPRE00000000002,A01337260,,,,Ef4ktur,"6.0.0"
8755,"1","1","1","1","1","1","2","0","3","1","2","2","2","2",A                   ,"2021000002          ",2021-01-08,EZw7bNH9+siTS6Z,TBAIGIPRE00000000054,B31562382,,,,"3etrade","2.0.1.8"
8756,"3","1","1","1","1","3","3","0","3","1","2","2","2","1",FJM1                ,"2                   ",2021-01-16,hzMVfxe70uDpFNLupcvoe7j6IhX3TUgALRyniiU02XHRBdsdSlpzAmCQzcjgjEs9MffwuzfQLT37+/lFLyrsSY7GlUEYllIng8Q,TBAIGIPRE00000000002,A01337260,,,,Ef4ktur,"6.0.0"
8757,"3","1","1","1","1","3","3","0","3","1","2","2","2","1",FJM1                ,"2                   ",2021-01-16,hzMVfxe70uDpFNLupcvoe7j6IhX3TUgALRyniiU02XHRBdsdSlpzAmCQzcjgjEs9MffwuzfQLT37+/lFLyrsSY7GlUEYllIng8Q,TBAIGIPRE00000000002,A01337260,,,,Ef4ktur,"6.0.0"
8758,"3","1","1","1","1","3","3","0","4","1","2","2","2","1",,,,,TBAIGIPRE00000000002,A01337260,,,,Ef4ktur,"6.0.0"
8759,"3","1","1","1","1","3","3","0","3","1","2","2","2","1",,"1                   ",2020-10-02,ruxL2nlFs8ObGMUiJrEC08S4p+XwohhunXsJ6NwWa98+sfgdiAOhMHjuf2rNRsd3IIp64Wk9JVst5Jat8TulIoOhfNhukwi+oix,TBAIGIPRE00000000002,A01337260,,,,IZENPE,"6.0.0"
8760,"3","1","1","1","1","3","3","0","3","1","2","2","2","1",FJM1                ,"2                   ",2021-01-16,hzMVfxe70uDpFNLupcvoe7j6IhX3TUgALRyniiU02XHRBdsdSlpzAmCQzcjgjEs9MffwuzfQLT37+/lFLyrsSY7GlUEYllIng8Q,TBAIGIPRE00000000002,A01337260,,,,Ef4ktur,"6.0.0"
8761,"3","1","1","1","1","3","4","0","3","1","2","2","2","2",T01                 ,"2021000007          ",2021-01-19,THPj1ZnptUariENjvL21P3BlpbXFhB5VZ5tltE80jOAkXYyfCbf3SWIO+bsypjKTISvMyJtOMo2CMJ2yqpUy8VYbLKoUU66sY5vN,TBAIGIPRE00000000054,B31562382,,,,"3etrade","2.0.1.8"
8762,"3","1","1","1","1","3","1","0","3","1","2","2","2","2",FJM1                ,"4                   ",2021-01-25,zK507jJM+0pdW+X+cmgz7pP/S8cX0Ow3zjUIWP6Za2tb0tmZah/Qrn5MOxCXxm2Frf5q5Gz1sYNcFbjkW2hshAX+YzLtH4hfFIi6,TBAIGI1B20D530D7A0FE,A01337260,,,,Ef4ktur,"6.0.0"
8763,"3","1","1","1","1","3","2","0","3","1","2","2","2","2","1                   ","14                  ",2020-01-02,TTkCVvtz2N2ZtYuyrBe8aLQU0sJGAvdSUH21hv1MrNhR8REYVWnD7CtLCVs3LwrmnAj1VDzBeHeig9U/3H7kLL6igvdZxGdeUPIV,TBAIGIPRE00000000081,B26400754,,,,FACTUDAT,"21"
8764,"3","1","1","1","1","3","4","0","1","1","2","2","2","2",ZF                  ,"1                   ",2021-01-26,UtlTG0qaEzbm3SwbcGgGtrl4/972lNdJWqVDvkP+6duBJiabdKaIgO3T87T6vJ0PjTpKt06HpMbGocB93RG02o1WZyNFMKZVFbc6,TBAIGI1B20D530D7A0FE,A01337260,,,,Ef4ktur,"6.0.0"
8765,"3","1","1","1","1","3","4","0","3","1","2","2","2","2","1                   ","18                  ",2020-01-02,CvrDH0XmkOHCfYF3aRku0W9oSfjawsGx9kJ6T6GMOJB2tixYOVaTsAaahHQPIy07gKvv9rar/UfiQjzjZuyTjd8PEZfdqfRNeSGn,TBAIGIPRE00000000081,B26400754,,,,FACTUDAT,"21"
8766,"3","1","1","1","1","3","4","0","3","1","2","1","1","1",FV                  ,"20191185            ",2021-01-26,jiy+eDClYMqJ5Lnau/timV2AmV3PcQOvDb2MquV/F/wWQNXoq5f+KCVE5ikMF/gBiejc3Qh2AAOZHaTssumfYsu4PG8Q16+n/A/d,TBAIGIPRE00000000066,"15953861A",,,,EVOLUTION ERP,"2.0"
8767,"1","1","1","1","1","1","2","0","3","1","2","2","1","2","1                   ","1017                ",2021-01-26,Fd8+q3sQ9owAMLDEhjdhn60AcIdQYjiFLBjYwYnZ6HRU7l1FSZUssBQYIM4MveNKJtswhoh3IrjL73dSVPSYQtVx30X8S9iu61d6,TBAIGIPRE00000000046,B86970001,,,,Gestión Techni-web,"250121"
8768,"3","1","1","1","1","3","4","0","2","1","2","2","1","2","1                   ","1018                ",2021-01-26,pb+cv1Q4IH2NxuLO4d8YoFTUgv1EsjGgNgceRs6jfkVCeGKs7GQ3Xug6+vvWCY9O4m/7hem5cQlj431wjDIY/EFQJSJzZJPd8WGm,TBAIGIPRE00000000046,B86970001,,,,Gestión Techni-web,"250121"
8769,"3","1","1","1","1","3","4","0","3","1","2","2","1","2","1                   ","1020                ",2021-01-26,vmNjMnXIVlJvShzEDNHz0pf+J6nL6X9Lt6Zu0d7+Lk85s8m9KWToMXHr2vGoh8xJ8NhQsD0u8+ASYSmRL70IKondFe2jTQK3/sno,TBAIGIPRE00000000046,B86970001,,,,Gestión Techni-web,"250121"
8770,"3","1","1","1","1","3","4","0","3","1","2","2","2","1",,"1296                ",2020-10-26,TIACQNVHfYxihKv+6M3+5HxKLAShMUffFSYaIGErFmTWg/Xq4KFhlwR4itKxqkkpEL63iYLyN+tqKY6QaT1W3dWHQbeHYiPIfhh,TBAIGIPRE00000000002,A01337260,,,,Ef4ktur,"6.0.0"
8771,"3","1","1","1","1","3","4","0","4","1","2","2","2","2",,,,,TBAIGIPRE00000000054,B31562382,,,,"3etrade","2.0.1.8"
8772,"1","1","1","1","1","1","1","0","4","1","2","2","2","1",,,,,TBAIGIPRE00000000034,A58417346,,,,a3ASESOR|ges,V.5.99.9
8773,"3","1","1","1","1","3","3","0","3","1","2","2","2","1","1                   ","0000009             ",2021-02-02,cVPgGG+rZMQUc5DkBz2zfy7QbmAbGLdWZ7556wM1/PROQFWBOwiY0+l/fXgSW//MYYdQMHIHxqkJgP1oDRTHWuot7ZK5RUNxfv6U,TBAIGIPRE00000000034,A58417346,,,,a3ASESOR|ges,V.5.99.9
8774,"1","1","1","1","1","1","2","0","4","1","2","2","2","2",,,,,TBAIGI1BB8ED936974A4,,ES,,B20480059           ,NUCLEO,""
8775,"3","1","1","1","1","3","4","0","4","1","2","2","2","2",,,,,TBAIGI1BB8ED936974A4,,ES,,B20480059           ,NUCLEO,""
8776,"3","1","1","1","1","3","4","0","4","1","2","2","2","1",,,,,TBAIGI1BB8ED936974A4,,ES,,B20480059           ,NUCLEO,""
8777,"3","1","1","1","1","3","4","0","4","1","2","2","2","1",,,,,TBAIGI1BB8ED936974A4,,ES,,B20480059           ,NUCLEO,""
8778,"3","1","1","1","1","3","4","0","3","1","2","2","2","2",,"210001              ",2021-01-18,YfOwVdUgInzYCSgzGV5XtruU3me6Wuqpm8/9IloEC8FqKty2d1ErhYvIWnlVufwVKiHoOm4Z4EJ3mUSVcce+nCYUpizv8DWm+TSu,TBAIGI1BB8ED936974A4,,ES,,B20480059           ,NUCLEO,""
8779,"1","1","1","1","1","1","2","0","3","1","2","2","2","2","2021                ","0900018001          ",2021-01-01,xKl1243dfaa,TBAIGIPRE00000000095,F20071114,,,,FagorAutomation TBAI,"1.0"
8780,"3","1","1","1","1","3","1","0","3","1","2","2","2","1","1                   ","0000006             ",2021-02-04,W5toQYBbrBiGJN2d2JualdX+nG05h6Ag7DdOGbgWv2HxFc7+ZSEtMxJa0O8hg5OEcdSHqse0UlVDfcyhF1iB5aBRQlFWpwd8BF7S,TBAIGIPRE00000000034,A58417346,,,,a3ASESOR|ges,V.5.99.9
8781,"3","1","1","1","1","3","2","0","3","1","2","2","2","2",,"00000123            ",2020-10-31,r9/CJYeEIgpLz/M3j/kIdBEwHFnZ/3Lvgphrw3QsC+5fOIWJJXA8nNweK/bUxLXSt3WOMnzyUCfxBMwRql8HOFBBZWb7+mgj39ZD,TBAIGIPRE00000000004,B95198321,,,,Diamages,"9.0.0.0"
8782,"3","1","1","1","1","3","3","0","4","1","2","2","2","2",,,,,TBAIGIPRE00000000034,A58417346,,,,a3ASESOR|ges,V.5.99.9
8783,"1","1","1","1","1","1","1","0","3","1","2","2","2","2",,"25                  ",2021-02-08,WfBk/LU1H9E2hJNpmLgqN09LV4IMChqS8RRTt0JCDx4jq6gyDZgSwTj98RuHAL4JcKLf0OdJjuyjmP0DJa7ZTArlp/M6wDCQ4Haa,TBAIGIPRE00000000086,B15577141,,,,SQL Pyme,"08/02/2021"
8784,"3","1","1","1","1","3","3","0","1","1","2","2","2","2",R1                  ,"0000001             ",2021-02-08,SrOMk9fVVpS1cg5vFyfNPqQAvojhhZzSa0s4bAafMeXaIL9kV210WXCL0ODgUiUnAjMRSwF4vwh0ugNBB26c9sIo+tXOaZBXgmLf,TBAIGIPRE00000000034,A58417346,,,,a3ASESOR|ges,V.5.99.9
8785,"3","1","1","1","1","3","3","0","1","1","2","2","2","2",R1                  ,"0000002             ",2021-02-09,ob9fuhjnXkySv0tlKIXgJgmsHBHIKhgj24SwGDNe4tTMV1bL593g69idv9fJ/TDheEZ9zZAvTf94j1v1NB+xjlKWdABJI3HPDdKx,TBAIGIPRE00000000034,A58417346,,,,a3ASESOR|ges,V.5.99.9
8786,"3","1","1","1","1","3","3","0","4","1","2","2","2","2",,,,,TBAIGIPRE00000000034,A58417346,,,,a3ASESOR|ges,V.5.99.9
8787,"1","1","1","1","1","1","1","0","4","1","2","2","2","2",,,,,TBAIGIPRE00000000082,B95548830,,,,DIBAL.TBAI.EXT,"1.0"
8788,"1","1","1","1","1","1","2","0","3","1","2","2","2","2",,"10000025            ",2021-02-11,X85kY+wlpMM/afUVIZ8bHCOrEkmuSiY70xdR9urS24fzmuiD/j0tMf7+qpVtt5E8X8E80Tq/e9KcbbSJqLaZnfGXCSprCyg9eUtl,TBAIBIyf+VU8zbWJF32u,B48654628,,,,Vector ERP,"2021"
8789,"3","1","1","1","1","3","4","0","1","1","2","2","2","2","1                   ","57                  ",2020-01-02,ax1wSFqf1sEYrxU5FzsLiEXxCKL0YXtxfOG+lzCi7wZCzwcEDjpNvTXwHVD2uylaJP0wqmAzbVTwu8DLHONP2QfVvmqbE0IYtb91,TBAIGIPRE00000000081,B26400754,,,,FACTUDAT,"21"
8790,"3","1","1","1","1","3","3","0","3","1","2","2","2","2",,"27                  ",2021-02-11,oUs4I/Fm5Kk73eueGPmCt9i3uZE/PghC2xzcUdIcdoHBhqEgHzP76Mo5ngxtFqb8mPxpFDTD/5lMqmc2YJy6EritR9uySS4hB4qx,TBAIGIPRE00000000086,B15577141,,,,SQL Pyme,"11/02/2021"
8791,"3","1","1","1","1","3","4","0","3","1","2","2","2","2",,"00000249            ",2020-10-31,N/4zKVJ6lmKRLDSjlmhsUeegRC524xiiMKyrB8JPA39Tr1zgzaBnBT6PkXvJjGfCLea3ycJGERdm+Y/ibtr5jm4nXsL3vHj6JAii,TBAIGIPRE00000000004,B95198321,,,,Diamages,"9.0.0.0"
8792,"3","1","1","1","1","3","4","0","3","1","2","2","2","1","1                   ","8697                ",2020-02-11,QHu6S4QngEVY+5dWi4JQ5gg1yX/H4SUc095ZJoHnP0WR7wADeD8QApj5b3mC2tbe2XjftXnJB2SvyTV273voP23rcXDoMAwjfOaH,TBAIGIPRE00000000081,B26400754,,,,FACTUDAT,"21"
8793,"3","1","1","1","1","3","4","0","1","1","2","2","2","1","1                   ","8698                ",2020-02-11,GwnNwC1nLB88m3nmTTQJ1vW+PVNTEvyGBbWdYat3cTFVxxy48KlrV8pd5T5cvEbEYN92uWEV2dLQzRGS6bAWLv0ZA4Wp+2VyqwZa,TBAIGIPRE00000000081,B26400754,,,,FACTUDAT,"21"
8794,"1","1","1","1","1","1","1","0","3","1","2","2","2","1",INV/2021/           ,"0002                ",2021-02-09,KcRYbMNfpTZ7PY5utGBtcN6UHMygY0sIY4QrDo0hD1+uXLNWya9P/UWD33aE+lrbDD9QAlJxY8yOGNIb7EU4iSOZlqDFQhJZxCSc,TBAIGIPRE00000000042,B75034918,,,,"Módulo TicketBai para Odoo, por Landoo","11.0+e"
8795,"3","1","1","1","1","3","4","0","3","1","2","2","2","2",A                   ,"2021000038          ",2021-02-11,EklXAJYoKYamAwjYg1BdnGoRuo9VdhsUg1T+c7QfTbVjetRb8Z91OkELTCpMHBv317qz+utdYNRUb2Nz2KudbBPJlVSd5JmnUEzJ,TBAIGIPRE00000000054,B31562382,,,,"3etrade","2.0.1.8"
8796,"3","1","1","1","1","3","4","0","1","1","2","2","2","2","1                   ","8701                ",2020-02-11,batjEWNsM7Ui+SCPQwTxTG7T1saN0Qom51vY9U6POmF2IIsT5TF+xopqJjHm/+iM26rxxdd+3X0pN0c1oUIkFgPrVcLl5BDOQpIi,TBAIGIPRE00000000081,B26400754,,,,FACTUDAT,"21"
8797,"3","1","1","1","1","3","4","0","3","1","2","2","2","2",A                   ,"2021000039          ",2021-02-11,IIN7/DXUThDVtu+eYNlwZOCu43CpocFN2EAcXgK0rNN/cGF90w9ySursVPmvBcKBA3Y5MVgOaBqHyPBa43cbx1F/kbAwMpqdVSmx,TBAIGIPRE00000000054,B31562382,,,,"3etrade","2.0.1.8"
8798,"3","1","1","1","1","3","4","0","1","1","2","2","2","2","1                   ","8702                ",2020-02-11,dRI3K+hYSzRkau1Ppkzih8ioeCphNMWVNg1vEATO7fBTwx+kf0qktClPTt5ANMtfapAwv+Y4XQuwzmT/QeifBzO46oft2P0tqmZQ,TBAIGIPRE00000000081,B26400754,,,,FACTUDAT,"21"
8799,"3","1","1","1","1","3","4","0","1","1","2","2","2","2","1                   ","8703                ",2020-02-11,DyvXWUDe7M3Tm63PTQhRSQ5+oBbm5RWedtGZ0oY6WOJ+0rwfxCxdRPmylgdA+2f4IZ8sne8e0DFc3s2BtsOul+sO7lVMr+IwOaxE,TBAIGIPRE00000000081,B26400754,,,,FACTUDAT,"21"
8800,"3","1","1","1","1","3","4","0","3","1","2","2","2","2",A                   ,"2021000040          ",2021-02-11,rz6OclByrI4Jq1iUPGtpIsin9VRGNCwOUX6FymiiL40AWpCyd1UqSCt7wE+NFBRDruM0dWcyMFMeCXONS4yJZgo0qf01rv7CT7pv,TBAIGIPRE00000000054,B31562382,,,,"3etrade","2.0.1.8"
8801,"3","1","1","1","1","3","4","0","1","1","2","2","2","2","1                   ","8703                ",2020-02-11,DyvXWUDe7M3Tm63PTQhRSQ5+oBbm5RWedtGZ0oY6WOJ+0rwfxCxdRPmylgdA+2f4IZ8sne8e0DFc3s2BtsOul+sO7lVMr+IwOaxE,TBAIGIPRE00000000081,B26400754,,,,FACTUDAT,"21"
8802,"3","1","1","1","1","3","4","0","3","1","2","2","2","2",,"00000425            ",2020-10-31,Jy8lmnIgA1n3ohJTjr4Lju71taGkGpizEmC0hWD2ddxLI6AlOAJgUzphFzu3PCXWlgwUBhNZrw2Lhjl9vWLZTTL27cHDNWVUuMCj,TBAIGIPRE00000000004,B95198321,,,,Diamages,"9.0.0.0"
8803,"1","1","1","1","1","1","1","0","4","1","2","2","2","2",,,,,TBAIGIPRE00000000108,A78378809,,,,POSBAI,"1.0"
8804,"3","1","1","1","1","3","4","0","1","1","2","2","2","2","1                   ","8703                ",2020-02-11,DyvXWUDe7M3Tm63PTQhRSQ5+oBbm5RWedtGZ0oY6WOJ+0rwfxCxdRPmylgdA+2f4IZ8sne8e0DFc3s2BtsOul+sO7lVMr+IwOaxE,TBAIGIPRE00000000081,B26400754,,,,FACTUDAT,"21"
8805,"3","1","1","1","1","3","4","0","3","1","2","2","2","2",A                   ,"2021000041          ",2021-02-11,yYbbsX7BUgOh03wkfw8fJaGcQrAsubAc6KAP5vZ3jlzgN7SM9ah/xpGM+FBEJ1H001ie1EJgCP/EwRPfFT+1aIDKSSRxeWDxkN8d,TBAIGIPRE00000000054,B31562382,,,,"3etrade","2.0.1.8"
8806,"3","1","1","1","1","3","4","0","3","1","2","2","1","2",A                   ,"2021000029          ",2021-02-11,RUH4MElb7C4mX6ipL5IvcruwnVUaRM3Kv6+IYthXNhl6+KhEmesTc9REmrd6RcCS1EqlakYVnHbJBXFj2u7bNEffFlxguSito324,TBAIGIPRE00000000054,B31562382,,,,"3etrade","2.0.1.8"
8807,"3","1","1","1","1","3","1","0","2","1","2","1","1","2",A                   ,"20200367            ",2021-02-11,IZ7IUQizKtfZM52joj1dSlL75Z+WnheWKHW1yMftC4foYtOp1yhDEjQLXvscYWfhQgZGnfNxbzdJTsLcIhBr0srETB/LahZIgrOK,TBAIGIPRE00000000006,"15986443V",,,,Asei ERP Pymes,b.096
8808,"3","1","1","1","1","3","3","0","2","1","2","1","1","2",A                   ,"20200367            ",2021-02-11,IZ7IUQizKtfZM52joj1dSlL75Z+WnheWKHW1yMftC4foYtOp1yhDEjQLXvscYWfhQgZGnfNxbzdJTsLcIhBr0srETB/LahZIgrOK,TBAIGIPRE00000000006,"15986443V",,,,Asei ERP Pymes,b.096
8809,"3","1","1","1","1","3","3","0","2","1","2","1","1","2",A                   ,"20200367            ",2021-02-11,IZ7IUQizKtfZM52joj1dSlL75Z+WnheWKHW1yMftC4foYtOp1yhDEjQLXvscYWfhQgZGnfNxbzdJTsLcIhBr0srETB/LahZIgrOK,TBAIGIPRE00000000006,"15986443V",,,,Asei ERP Pymes,b.096
8810,"3","1","1","1","1","3","3","0","2","1","2","1","1","2",A                   ,"20200367            ",2021-02-11,IZ7IUQizKtfZM52joj1dSlL75Z+WnheWKHW1yMftC4foYtOp1yhDEjQLXvscYWfhQgZGnfNxbzdJTsLcIhBr0srETB/LahZIgrOK,TBAIGIPRE00000000006,"15986443V",,,,Asei ERP Pymes,b.096
8811,"3","1","1","1","1","3","3","0","2","1","2","1","1","2",A                   ,"20200367            ",2021-02-11,IZ7IUQizKtfZM52joj1dSlL75Z+WnheWKHW1yMftC4foYtOp1yhDEjQLXvscYWfhQgZGnfNxbzdJTsLcIhBr0srETB/LahZIgrOK,TBAIGIPRE00000000006,"15986443V",,,,Asei ERP Pymes,b.096
8812,"3","1","1","1","1","3","3","0","2","1","2","1","1","2",A                   ,"20200367            ",2021-02-11,IZ7IUQizKtfZM52joj1dSlL75Z+WnheWKHW1yMftC4foYtOp1yhDEjQLXvscYWfhQgZGnfNxbzdJTsLcIhBr0srETB/LahZIgrOK,TBAIGIPRE00000000006,"15986443V",,,,Asei ERP Pymes,b.096
8813,"3","1","1","1","1","3","4","0","3","1","2","2","2","2",,"00000435            ",2020-10-31,oLiSXreX4RPTlXBhuLaJXP37o2QuWim0eBWAO7OeqmI5N/cDT4SnOqyVMo9ctuZsAKIorfBLb+4TB8ypARyI9JA4OzViZzdy6G43,TBAIGIPRE00000000004,B95198321,,,,Diamages,"9.0.0.0"
8814,"3","1","1","1","1","3","4","0","1","1","2","2","2","2","1                   ","8705                ",2020-02-11,FfSvAjLT4RcLQdWCnTEbkqrcpJ7zjklo986EHoSqH8addf+Tm0KmGUMZQrPMsV5KicgvVKNyMbjk2I/o/EYCkZXfSpBVH9tf5H3Z,TBAIGIPRE00000000081,B26400754,,,,FACTUDAT,"21"
8815,"3","1","1","1","1","3","3","0","1","1","2","1","1","2",,"227                 ",2021-02-11,WN68qfHF8nI6OvHYwmTG463TX/KIXeAfdTGR8e36Kq4mlPoiNDSwgCMDJZhyfMhTAYF0sr4DnJwhGsKvOgTHMuX5TT338WWtg9XS,TBAIGIPRE00000000006,"15986443V",,,,Asei ERP Pymes,b.096
8816,"3","1","1","1","1","3","3","0","1","1","2","1","1","2",,"228                 ",2021-02-11,Jnw0eJLs4PN2qNe33NbMXkPy0EBLWRWPH2DQ+fGsGaLC7eHpF36ssKBJ6kY1vgbzheyQVQh3w6WFLE6hw/Hyml06cnW6z/z61MB8,TBAIGIPRE00000000006,"15986443V",,,,Asei ERP Pymes,b.096
8817,"3","1","1","1","1","3","3","0","1","1","2","1","1","2",,"229                 ",2021-02-11,crcGyy6TsAgn78YCztvJ2oh9tJYTVAoIQYGizXAtH6bAMm2hAw8dQqLRlDM+ioSC+SNS+KUv3Axnt6gbcmylWoG8JSzokm+Nz1ZC,TBAIGIPRE00000000006,"15986443V",,,,Asei ERP Pymes,b.096
8818,"3","1","1","1","1","3","3","0","2","1","2","2","2","2",,"230                 ",2021-02-11,HsDGzaVEq6p7yuvKpdfHidZSLFNwkLtjLMGkEoVnlKsVzr1KdLtWngWODe4/LCw4Kg/nCdrAMy5/h39vXKmLLjwsYfeHZjEHckWy,TBAIGIPRE00000000006,"15986443V",,,,Asei ERP Pymes,b.096
8819,"3","1","1","1","1","3","3","0","1","1","2","2","2","2",A                   ,"20200371            ",2021-02-11,gro3+qJQt3aNsek1oVPz/hH4aVvM+xrogVJjtE/hvZCzsnMmuFUCte5cn0fqiHc92OLWCrX/uOGKCJ539pR56y1IzAI7v2qfmLH1,TBAIGIPRE00000000006,"15986443V",,,,Asei ERP Pymes,b.096
8820,"3","1","1","1","1","3","3","0","2","1","2","1","1","2",A                   ,"20200372            ",2021-02-11,QsUN1aJH9LWm2I8U5s9aNv9Ri7P2ifISAbwZWkQDx7ayQqeaX8WXOw3paKJYzGyMohDYfx5Qraj3Ki69CpZ1/PQ56C5SjrtzTY5f,TBAIGIPRE00000000006,"15986443V",,,,Asei ERP Pymes,b.096
8821,"3","1","1","1","1","3","3","0","1","1","2","1","1","2",,"231                 ",2021-02-11,WB5NoqdEX4p17VJfkTG9itC+4CQRY243OW+pqORsMAcCvWgWMGFAWS6+tfWxQ3zRgGBRdICLp5x5rLsUwgJLW1txn0bE4vOHBo1b,TBAIGIPRE00000000006,"15986443V",,,,Asei ERP Pymes,b.096
8822,"3","1","1","1","1","3","3","0","2","1","2","2","2","2",,"232                 ",2021-02-11,XmSbs0cCfRhemXB9bGs8N1tckMCqIG8yDl/3qNBo0kXDH9tuC9S7cPlYFv6OH0ttQbtOPjQn2j0QAirTMt+CMUBd0NU8BMbBaxSO,TBAIGIPRE00000000006,"15986443V",,,,Asei ERP Pymes,b.096
8823,"3","1","1","1","1","3","4","0","3","1","2","2","2","2",A                   ,"2021000043          ",2021-02-11,GO5CDdKTKK2gWxK+4WMFJZnEhYBf2D1eogiF6ExMXzKrzUJJalzQlgap9EZXu2T1QPCZpVdxm3cco+T7xgBXDLivTJ0ArGsy+T3x,TBAIGIPRE00000000054,B31562382,,,,"3etrade","2.0.1.8"
8824,"3","1","1","1","1","3","4","0","1","1","2","2","2","2",A                   ,"2021000044          ",2021-02-12,PgWxEDl7+6NhO59INz8QrhkNeY64ftBBrWfAdF1kpXN3wnwo1oKzAXvgh3Bex1skONjTPR1lP6u1qn/7lKc5GoaA1curSgjTZLxs,TBAIGIPRE00000000054,B31562382,,,,"3etrade","2.0.1.8"
8825,"3","1","1","1","1","3","4","0","1","1","2","2","2","1",,"10000026            ",2021-02-11,JOOIZR19u5vO3ywXS69DYGoKFSw7XtFuhqi0NQ5V2yLK3WqF1baF+NUIUN28MvIILyXfD9KhNkwpfEHvRfBSIgDxZo6u2EsOxFRD,TBAIBIyf+VU8zbWJF32u,B48654628,,,,Vector ERP,"2021"
8826,"3","1","1","1","1","3","4","0","1","1","2","2","1","1",,"10000027            ",2021-02-12,mv79K9ipbzSu/RC9isBsyWSHjuoUdAsra9iGKw1pbflY+hvlzKN/qFoW6Duq94IQpCY06YbcrXgVIgrIV7ql+SGUKpJUTl2b+1b/,TBAIBIyf+VU8zbWJF32u,B48654628,,,,Vector ERP,"2021"
8827,"3","1","1","1","1","3","4","0","1","1","2","2","1","1",,"10000028            ",2021-02-12,PXFEnULjzgGJykInwWT+Pq8566MDm1bHa6braNSVmcMuoHgQqpjLu91NryFX3CaD9nSdOP/swVUiygX7u/Y6EFckxipZ9599Gsuf,TBAIBIyf+VU8zbWJF32u,B48654628,,,,Vector ERP,"2021"
8828,"3","1","1","1","1","3","4","0","1","1","2","2","1","1",,"10000029            ",2021-02-12,l7DrIXhPcIcNVVCKATTGpYk2am2zTZNhgAHK3LwowwqHzHYT2jWPZA0wVX8ukT0U0UufyAHZsr4w4RMwg8wIE50PqakXjcgmg9AH,TBAIBIyf+VU8zbWJF32u,B48654628,,,,Vector ERP,"2021"
8829,"3","1","1","1","1","3","3","0","3","1","2","2","1","2",,"1                   ",2021-02-12,BJ64wjMhesTs1et4MwH74oPqUzFTt2NmLCI3xqlqr96KJU7qZHjRHERkVgvZCJaoZ+thoRialXgCsEbOErHX/xpDXAHbWiNTh9F5,TBAIGIPRE00000000086,B15577141,,,,SQL Pyme,"12/02/2021"
8830,"3","1","1","1","1","3","3","0","1","1","2","2","1","2",,"1                   ",2021-02-12,DI4xx9ufe31FpD7LzcQ3HlTXSSYLltTUYi8kCKcuRde5EPP5MYiFfz9BC3qyQztD9umOkRZoVLOjVLzus3YvddJqkOQtN1TnRzn0,TBAIGIPRE00000000086,B15577141,,,,SQL Pyme,"12/02/2021"
8831,"1","1","1","1","1","1","1","0","3","1","2","2","2","1","1                   ","5085                ",2021-01-01,"8ybcRQGqpZzM1wbNTuqWxFkJgJKnE+z06dg3uBlB2oQcSdEmUQaG1Gm0CwErZVHD2mHlLrXPIb9PyTZghPk7DUT9Smu394dpcoHl",TBAIBIF4oI91Qt1CLkjx,A48201750,,,,GESTION LIDER CLICK,"6.2.85"
8832,"3","1","1","1","1","3","1","0","1","1","2","2","2","1","1                   ","5086                ",2021-01-01,Rmg313Fw9xJUUEhwgwJfprSHrOzvYzXDw8/glefUndiBSpkOsWRL9AzeWeG8U7dnxFwiBtb1GM8bDMJ4iU+d8aT5kzKOEEakP5+T,TBAIBIF4oI91Qt1CLkjx,A48201750,,,,GESTION LIDER CLICK,"6.2.85"
8833,"1","1","1","1","1","1","2","0","3","1","2","2","1","1","29041418F           ","2002                ",2021-02-11,LAourclLCodEjM5s76xRcCBz4g9PPqohVBg60wK4BsyjQ6xm1DWpvpFofizI1SG/iu8FTyTSp2l6CcJE9GCPGELZpUT7tTCC3Cp0,TBAIGIPRE00000000060,A48172506,,,,CS TicketBAI,"176-A"
8834,"3","1","1","1","1","3","1","0","4","1","2","2","2","1",,,,,TBAIGIPRE00000000054,B31562382,,,,"3etrade","2.0.1.8"
8835,"3","1","1","1","1","3","3","0","1","1","2","2","2","1",A                   ,"2021000031          ",2021-02-12,PfJs9OaPLR5wc/yxudLTFcWUVsjUARhl5b9Sp6hxMxVPhfrFnFDVDP7CVbrojVFEUQnk2m8madfD19SCG5Zw1U8rn8jg3Btrq1sh,TBAIGIPRE00000000054,B31562382,,,,"3etrade","2.0.1.8"
8836,"3","1","1","1","1","3","4","0","1","1","2","2","2","2","2020                ","0900018335          ",2020-11-25,"0lYbimcFjEzIzkPGRjOM5VVRzRhfyPC58+PjpEqo7dCDdhFsTjNPyMvPKOif4de0zD3bQVJxTr35Ik7i+8ekLBpZz3FvysuhXvML",TBAIGIPRE00000000095,F20071114,,,,FagorAutomation TBAI,"1.0"
8837,"3","1","1","1","1","3","4","0","1","1","2","2","2","2","2020                ","0900018335          ",2020-11-25,"0lYbimcFjEzIzkPGRjOM5VVRzRhfyPC58+PjpEqo7dCDdhFsTjNPyMvPKOif4de0zD3bQVJxTr35Ik7i+8ekLBpZz3FvysuhXvML",TBAIGIPRE00000000095,F20071114,,,,FagorAutomation TBAI,"1.0"
8838,"3","1","1","1","1","3","4","0","1","1","2","2","2","2","2020                ","0900018335          ",2020-11-25,"0lYbimcFjEzIzkPGRjOM5VVRzRhfyPC58+PjpEqo7dCDdhFsTjNPyMvPKOif4de0zD3bQVJxTr35Ik7i+8ekLBpZz3FvysuhXvML",TBAIGIPRE00000000095,F20071114,,,,FagorAutomation TBAI,"1.0"
8839,"3","1","1","1","1","3","4","0","1","1","2","2","2","2","2020                ","0900018335          ",2020-11-25,"0lYbimcFjEzIzkPGRjOM5VVRzRhfyPC58+PjpEqo7dCDdhFsTjNPyMvPKOif4de0zD3bQVJxTr35Ik7i+8ekLBpZz3FvysuhXvML",TBAIGIPRE00000000095,F20071114,,,,FagorAutomation TBAI,"1.0"
8840,"1","1","1","1","1","1","1","0","4","1","2","2","2","1",,,,,TBAIGIPRE00000000045,B20593190,,,,KAPPA CLOUD GESTION INTEGRADA,"1.0"
8841,"1","1","1","1","1","1","2","0","3","1","2","2","2","1",,"21002               ",2021-01-04,j0Mncqflq4OxnWi2jhGkdJmwCyKoSGWf3nha5qGQqHNJfyShwvlFMK/dPnylx68PKKWH7yShe8XbEq7O4/3GYufKe0pkBwh8Re/H,TBAIGIPRE00000000102,"44157960F",,,,GARBERA INSTALACIONES TBAI,"0.1"
8842,"3","1","1","1","1","3","1","0","3","1","2","2","2","1",INV/2021/           ,"0031                ",2021-02-04,l8j708RUE6ib0pN3LgCHZ1xsTqBtyG1jcR939PTck0J8B8Vjk4YaC7Zrcxp/1l4Qn4743hlyY7bL5hXnIYwjg7ZcDJohZjPp4TS8,TBAIGIPRE00000000003,B20990602,,,,Odoo Binovo,"12.0"
8843,"3","1","1","1","1","3","1","0","1","1","2","2","2","2","2020                ","0900018335          ",2020-11-25,"0lYbimcFjEzIzkPGRjOM5VVRzRhfyPC58+PjpEqo7dCDdhFsTjNPyMvPKOif4de0zD3bQVJxTr35Ik7i+8ekLBpZz3FvysuhXvML",TBAIGIPRE00000000095,F20071114,,,,FagorAutomation TBAI,"1.0"
8844,"1","1","1","1","1","1","2","0","4","1","2","2","2","1",,,,,TBAIGIPRE00000000002,A01337260,,,,Ef4ktur,"6.0.0"
8845,"3","1","1","1","1","3","3","0","1","1","2","2","2","2","2020                ","0900018335          ",2020-11-25,"0lYbimcFjEzIzkPGRjOM5VVRzRhfyPC58+PjpEqo7dCDdhFsTjNPyMvPKOif4de0zD3bQVJxTr35Ik7i+8ekLBpZz3FvysuhXvML",TBAIGIPRE00000000095,F20071114,,,,FagorAutomation TBAI,"1.0"
8846,"3","1","1","1","1","3","3","0","1","1","2","2","2","2",A                   ,"20200373            ",2021-02-11,XHaB8gkiBukM2qfk/KFB9M3bOw6m5fGlRZcsBBBJgvcH27O4A37F0AkDim90T3phxWUEL7ByP4djrLk3/L9DgkLDU46uAYdaVdF8,TBAIGIPRE00000000006,"15986443V",,,,Asei ERP Pymes,b.100
8847,"3","1","1","1","1","3","1","0","1","1","2","2","1","2",,"2                   ",2021-02-12,bwsxHGPwAD2FaGvi3EnWGGQH8TYgk3rAVbG7AhRQQPc/JYG4dcHvu/lkQWzJckW5If15WPKaDcQZC8CKp+2ncSUd42hY/sCCoeii,TBAIGIPRE00000000086,B15577141,,,,SQL Pyme,"15/02/2021"
8848,"3","1","1","1","1","3","3","0","1","1","2","2","1","2",,"3                   ",2021-02-15,I5rcr+wK/pgNTLMxzGgZzKIuh8+FRE5VBlaiVqfIO+FXj8AXTtS1hNQSJWBEhHMzPGjtpjyCDDtLjyhyWbq6X0+m6wcZSeCNwCVh,TBAIGIPRE00000000086,B15577141,,,,SQL Pyme,"15/02/2021"
8849,"3","1","1","1","1","3","3","0","3","1","2","2","2","2","2020                ","0900018345          ",2020-12-03,ghT8GFP7aKSTVOtSlAMaZPnMuWcEVLXkC3SoAomY7d4ivz0FcGkyN4rfIwmvcYyKC5m0J9xIrW6cRvyu8o9mC9MdeqlqNnTRP8jo,TBAIGIPRE00000000095,F20071114,,,,FagorAutomation TBAI,"1.0"
8850,"3","1","1","1","1","3","2","0","3","1","2","2","2","1",,"1291                ",2020-10-21,lWrCC4bvhWr8GSoi8i85rToyb/KbuYHBeEI+TQt7xH+K7v6ndfCuVxBtxeXjfHptNXImWhAZbWL2qe6E2PjUx6hMz3GnCCssz/e,XXX-XXX-XXX         ,A01337260,,,,IZENPE,"6.0.0"
8851,"3","1","1","1","1","3","3","0","1","1","2","2","1","2",,"4                   ",2021-02-15,wf3AVJWMX2G3PYbSMzg9XDR2CQ4eR6UPZ6W/2dSzBHORkHrqgeSr6gpCFFyw+eKwaSGkUUgjV5ylQ3UpVFnRxoRYK3SPI47xsfmT,TBAIGIPRE00000000086,B15577141,,,,SQL Pyme,"15/02/2021"
8852,"3","1","1","1","1","3","3","0","1","1","2","2","2","2","2020                ","0900018345          ",2020-12-03,bUsqf+CfGyr5CS6mSZlBg5Q2Sb9Hxu76d2bWbv/hjROH4KYWFBnPyKTmDM+nS1ZvdPoXn8DlUBX/g0FuIKKdYcoDOUKtMizZyzdW,TBAIGIPRE00000000095,F20071114,,,,FagorAutomation TBAI,"1.0"
8853,"3","1","1","1","1","3","3","0","3","1","2","2","2","1","1                   ","5088                ",2021-01-01,qJlPjijUMPc+a+gnyOCM6snIfXp5iTrCu2J9MRRf/cn05Pj93MlYVrkFlUO9wErriMU9dUCIWQJhgZcJ7AF4UugymvnmWb2h8YQT,TBAIBIF4oI91Qt1CLkjx,A48201750,,,,GESTION LIDER CLICK,"6.2.85"
8854,"3","1","1","1","1","3","3","0","1","1","2","2","2","1",,"5                   ",2021-02-15,lMTBWYVXrDMqVXgz4pi1amOgyDuNgrFWOTurzJxnyh6Bi1+CQ4hZskFaBQ9Axjcbw1SOhnov+tFY/ONFvuKl0Qak6Ujhl155zSUq,TBAIGIPRE00000000086,B15577141,,,,SQL Pyme,"15/02/2021"
8855,"3","1","1","1","1","3","2","0","4","1","2","2","2","2",,,,,TBAIGIPRE00000000038,A29228129,,,,Ambar7,"5.9.223"
8856,"3","1","1","1","1","3","2","0","4","1","2","2","2","2",,,,,TBAIGIPRE00000000002,A01337260,,,,Ef4ktur,"6.0.0"
8857,"1","1","1","1","1","1","1","0","4","1","2","2","2","2",,,,,TBAIGIPRE00000000012,B20818050,,,,PrestGes,"8.0"
8858,"1","1","1","1","1","1","1","0","3","1","2","1","1","2",TA                  ,"20000002            ",2020-11-20,Cbbe21+zM0/Oliy43OoTzGoG3HidiXQZ0ZWM8wWB7MgArGoBkEHi4BaR9qrFEsHufkyOwHZKsNYDB7TSekBE6Ml41HYCSFF6oAgU,TBAIGIPRE00000000030,B61361804,,,,SeniorFactu,"2.5.56"
8859,"3","1","1","1","1","3","1","0","3","1","2","2","2","1",,"5                   ",2020-11-20,HZQyrTc/EIBaKGDJNASZLOxvGkTMbQ2H7/s+KavayZKhI8D7kLfvpPfFF8HhsASGyfEif6Ub72nzSiFvadRT0g56yqkJ18/ImXt,TBAIGIPRE00000000002,A01337260,,,,Ef4ktur,"6.0.0"
8860,"3","1","1","1","1","3","1","0","3","1","2","2","2","2",,"00002814            ",2020-11-23,o7x4W6IYLKCTZNSpukae0ESqfH9LSXFguXq3R9twEe0pz18nK3kngRdDHC/NyhJWU2DOhYLvj3R54ptiGh9nbMmWpk6omd7jY5/j,TBAIGIPRE00000000004,B95198321,,,,Diamages,"9.0.0.0"
8861,"3","1","1","1","1","3","4","0","4","1","2","2","2","1",,,,,TBAIGIPRE00000000038,A29228129,,,,Ambar7,"5.9.227"
8862,"3","1","1","1","1","3","1","0","4","1","2","2","2","1",,,,,TBAIGIPRE00000000002,A01337260,,,,Ef4ktur,"6.0.0"
8863,"3","1","1","1","1","3","3","0","3","1","2","2","2","1",,"1292                ",2020-10-21,cI65SfMq1iQlTqqYinUeubNflSmaoVQo43f9O5b+2cZXt8Lp0i/Gu31HegZx9yyz6wDe/pOo5aGjj8LxRLKvOgstqGdAvEMXSkM,XXX-XXX-XXX         ,A01337260,,,,IZENPE,"6.0.0"
8864,"3","1","1","1","1","3","1","0","3","1","2","2","1","2","1                   ","26                  ",2020-11-26,AzwXBBK3vQtJ3Ur2BEkOlI75YcBr6VD5Y2A/uG51M2LgbZ1eG+CB9y+K3qlZomhJE3yT8LqNkgAwK+qWxrPgKyap36Ouro63x/R0,TBAIGIPRE00000000046,B86970001,,,,Gestión Techni-web,"261120"
8865,"3","1","1","1","1","3","3","0","2","1","2","2","1","2","1                   ","27                  ",2020-11-26,LeV1khaMOkBah4AkbXkTm94raP1Nun+Lw3Wf5Hr94CzMUCJ5uT6akcAONn21rfI2asdnshrBIRpRSw0fd9651pAc0gLas1royNop,TBAIGIPRE00000000046,B86970001,,,,Gestión Techni-web,"261120"
8866,"3","1","1","1","1","3","3","0","3","1","2","2","2","1",,"1293                ",2020-10-21,dOsG+UODfp1mwun+Z8+a/Rj9G/BwxKKKoJXRUEWhj6V6HtCLntRAYeDdXsNdsOr+5ATD3FKqh5Qv1rLV0E603xbUn+Z4mxXOriw,XXX-XXX-XXX         ,A01337260,,,,IZENPE,"6.0.0"
8867,"3","1","1","1","1","3","4","0","3","1","2","2","2","2","0                   ","202002537           ",2020-11-26,NCcDc2vZ7gaGv5y0BBK9cj0dGlQ8OK9zUh5zyGRP7k9S05BMZBMZyqfZK/DuRA5f7COHAy3uy+ZW0hf2ohgjqB8PKPru3gG+32gt,TBAIGIPRE00000000038,A29228129,,,,Ambar7,"5.9.228"
8868,"3","1","1","1","1","3","1","0","3","1","2","2","2","2",A                   ,"1108-2017           ",2020-11-27,hgN+KT38n11yezIal9ET3OyqfAWMiUdrqqG0CXu3e83ERcJX5rseIbPTR4ixLn91sc/9TiiYmSw39GO6qHiln6U+AnoQbYC7pu0y,TBAIGIPRE00000000012,B20818050,,,,PrestGes,"8.0"
8869,"3","1","1","1","1","3","3","0","3","1","2","2","2","2",A                   ,"1109-2017           ",2020-12-01,kOJIMceCJAah6jDEGRCLhAafl/fvGNw133UwABOHrzCl3QOMGk+RwrZ5uj6n2xiPo7GfGcn5pRnKQV6SJuybWqUYm5QPNJEZb8P4,TBAIGIPRE00000000012,B20818050,,,,PrestGes,"8.0"
8870,"3","1","1","1","1","3","4","0","4","1","2","2","2","1",,,,,TBAIGIPRE00000000002,A01337260,,,,Ef4ktur,"6.0.0"
8871,"3","1","1","1","1","3","4","0","3","1","2","2","2","1",FJM-2               ,"1                   ",2020-12-09,wDHSOpLDT9CVxBTXgNLTzuEWKXEYlcUkzvyMUoNqhtiorYyrFRBy+h4YUGdOHbcCMi76rvjWH03G5YNY2aemy6+87qtvYYgYseC,TBAIGIPRE00000000002,A01337260,,,,Ef4ktur,"6.0.0"
8872,"1","1","1","1","1","1","1","0","4","1","2","2","2","1",,,,,TBAIGIPRE00000000002,A01337260,,,,Ef4ktur,"6.0.0"
8873,"3","1","1","1","1","3","3","0","3","1","2","2","2","1",,"1294                ",2020-10-26,ILy0cLFupQoCjpsfF/58pscmMZa8boF+M9qwoWeiDV6SWJ4gizI8Hk0EmOeNAUBYjXgj87FIWbDZ+TyFYxs1RAzTuX6qyRG9xmT,XXX-XXX-XXX         ,A01337260,,,,IZENPE,"6.0.0"
8874,"3","1","1","1","1","3","4","0","4","1","2","2","2","1",,,,,TBAIGIPRE00000000002,A01337260,,,,Ef4ktur,"6.0.0"
8875,"3","1","1","1","1","3","4","0","3","1","2","2","2","1",FJM3                ,"1                   ",2020-12-16,J+6o5xIQsJTq/9dMg9oI366Sp19CCKSS5ZEBdOVnNulj5e+bWZX0MnM/ESJJsxe/UksUvj1JW3G6xjI4HT17GXD4rv6Zsl94YIA,TBAIGIPRE00000000002,A01337260,,,,Ef4ktur,"6.0.0"
8876,"3","1","1","1","1","3","4","0","3","1","2","2","2","1",FJM3                ,"2                   ",2020-12-16,xv550KzmdKdX+tt+opGPPPfO/aNYVx1I8YGtzVlqzqYrxdYqlX7HdbxblpPhH6+nDKEGZM4EmVwxkLCQl4DY8zAnDv41Cp6xNEz,TBAIGIPRE00000000002,A01337260,,,,Ef4ktur,"6.0.0"
8877,"3","1","1","1","1","3","4","0","3","1","2","2","2","1",FJM4                ,"1                   ",2020-12-17,pIiYQ0p9NuLNlyaOgaEIIkpPjcD3BGdSNTAIHxdhIDK3C67vNWAeJIDTp1g3EZRX/8rr8voRix2BOloJW7mhHA6KCGsYfPXTwWj,TBAIGIPRE00000000002,A01337260,,,,Ef4ktur,"6.0.0"
8878,"3","1","1","1","1","3","4","0","3","1","2","2","2","1",FJM4                ,"2                   ",2020-12-18,OpHYxFyxUhrzJ4NT/0hnlX47b/epNnMZgcdCIRNuo75ibsKjPPIlG2OYGwaMWs26uSqEhsTwy9HYED0OqcazWkYKfzHgbF0p5rZ,TBAIGIPRE00000000002,A01337260,,,,Ef4ktur,"6.0.0"
8925,"1","1","1","1","1","1","1","0","1","1","1","1","1","1",TB-2021-F           ,"10                  ",2021-02-16,YIJsspcO6AEK92xZ07lPAp19q8guPRwRg0wTyRR3dMHaoR56522qYNkbTTjSZeMS1Zpzwf01QgnUqB60Xt3oRv8vaAZ/NvbRiqsl,TBAIGI79FABB8C8D0C85,P2000000F,,,,FAKTURABAI,"1.0"
8926,"1","1","1","1","1","1","1","0","1","1","1","2","2","1",TB-2021-S           ,"30                  ",2021-02-17,xgMYe+DiFoGsjF5QSJ/aq16tduDGOqZ3RKaVhsDJ1FgEqhAtKYPa6PCeNWkPDKOFy+JNBt04PTkbZWYe2W/vqylkcx4Kn3Guq/7O,TBAIGI79FABB8C8D0C85,P2000000F,,,,FAKTURABAI,"1.0"
8927,"1","1","1","1","1","1","2","0","2","1","2","1","1","2",,"231                 ",2021-02-16,WB5NoqdEX4p17VJfkTG9itC+4CQRY243OW+pqORsMAcCvWgWMGFAWS6+tfWxQ3zRgGBRdICLp5x5rLsUwgJLW1txn0bE4vOHBo1b,TBAIGIPRE00000000006,"15986443V",,,,Asei ERP Pymes,b.096
8928,"7","1","1","1","1","7","2","0","1","1","2","2","2","2",,"232                 ",2021-02-16,XmSbs0cCfRhemXB9bGs8N1tckMCqIG8yDl/3qNBo0kXDH9tuC9S7cPlYFv6OH0ttQbtOPjQn2j0QAirTMt+CMUBd0NU8BMbBaxSO,TBAIGIPRE00000000006,"15986443V",,,,Asei ERP Pymes,b.096
8929,"1","1","1","1","1","1","1","0","3","1","1","1","1","1",TB-2021-F           ,"8                   ",2021-02-09,C3UAy/+GFAQ5lWIgrlI+Yz/kwkcI7bxD1lRSpeyAfBqWx2/feU5J1zNgFlgLr7sChmnvOPXoug7w+rqoS2NIRVDkQZ5zy4zWM4m9,TBAIGI79FABB8C8D0C85,P2000000F,,,,FAKTURABAI,"1.0"
8930,"1","1","1","1","1","1","1","0","1","1","1","1","1","1",TB-2021-S           ,"26                  ",2021-02-16,guEsn8/u6a0DuNneU/aQ/91jhcfepiHQhPLo5fDVWqaTCpOGyK29tH3kchVXWIWhRZZJxLqLF6De9bI2rIneRYl0N+OLh5Ncx1Es,TBAIGI79FABB8C8D0C85,P2000000F,,,,FAKTURABAI,"1.0"
8931,"1","1","1","1","1","1","1","0","1","1","1","1","1","1",TB-2021-S           ,"27                  ",2021-02-16,HwCmSw+pXi42iPssKDnWQbhLflqENzZvQEXqev+p+pJfxBZMPRaPi92j0RJSpmS44JvWlwbVzxnYBh5j1dAen5EXkcImC22exRYU,TBAIGI79FABB8C8D0C85,P2000000F,,,,FAKTURABAI,"1.0"
8932,"1","1","1","1","1","1","1","0","1","1","1","2","2","1",TB-2021-S           ,"28                  ",2021-02-16,yOibKy1gaOoYr9raBThTO96k1pW3z/gCihQ5GxXbqZO4pPJjm5b6oqbioskJtD8I4gUlDz/kcTQJk+0++pt+sTlPLnNzyH1QUy9T,TBAIGI79FABB8C8D0C85,P2000000F,,,,FAKTURABAI,"1.0"
8933,"1","1","1","1","1","1","1","0","1","1","1","1","1","1",TB-2021-F           ,"9                   ",2021-02-16,X/xHh/WTt/4OEqobIAj0wnPGzlg42ZSGc/zgwdoPWg++HP9X4GlXpbkCenoX4w2L2bO86DnOt2iCnjyJydVAR2VyfCGP9Kg23u0u,TBAIGI79FABB8C8D0C85,P2000000F,,,,FAKTURABAI,"1.0"
8934,"1","1","1","1","1","1","1","0","1","1","1","2","2","1",TB-2021-S           ,"29                  ",2021-02-16,yLZabkDmPYf33faxG49s3XAh89T4T2Ss9PfVLspcJ0sSOMHUCDriGNqMW+PULLvZGPcvOwjCCddAYSbEXL9Bbc8ekSg5BV6c3tfc,TBAIGI79FABB8C8D0C85,P2000000F,,,,FAKTURABAI,"1.0"
8935,"1","1","1","1","1","1","1","0","3","1","1","2","2","2",TB-2021-S           ,"1                   ",2021-02-09,et0/AuSfHfRbCZ1CSm3CDQznFXDVENAoYBhncmwzkaDTpbO6KcZJ10h6t/In0fhJV33pRSBt3RiKP7DlWltQIPBAr37K7C6fqotk,TBAIGI79FABB8C8D0C85,P2000000F,,,,FAKTURABAI,"1.0"
