"ID","IDNT_DESTINATARIO","NIF_DESTINATARIO","CODIGOPAIS","IDTYPE","ID_DESTINATARIO","APELLIDOSNOMBRERAZONSOCIAL","CODIGOPOSTAL","DIRECCION"
8715,1,F01520139,,,,ABERE ZERBITZU TEKNIKOAK KOOP. S.,"01192",CL GRANJA MODELO ARKAUTE 
8716,1,B95321964,,,,ABROLAN S.L.,"48010","CL GENERAL CONCHA 9,PRAL,DCHA"
8717,1,B20552329,,,,"EUSKAL H.L. ASESORES, S.L.","20700",BARRIO ARTIZ S/N
8719,1,,,"02","33925507R",EMPRESA 1,"00000",
8720,1,B20552329,,,,"EUSKAL H.L. ASESORES, S.L.","20700",BARRIO ARTIZ S/N
8721,1,B20552329,,,,"EUSKAL H.L. ASESORES, S.L.","20700",BARRIO ARTIZ S/N
8722,1,B20552329,,,,"EUSKAL H.L. ASESORES, S.L.","20700",BARRIO ARTIZ S/N
8723,1,B20552329,,,,"EUSKAL H.L. ASESORES, S.L.","20700",BARRIO ARTIZ S/N
8724,1,"00000000T",,,,"PRUEBAS GIPUZKOA PRUEBAS GIPUZKOA, AAA","20999","PRUEBAS, PRUEBAS, Gipuzkoa, España"
8725,1,,,"02","33925506T",SONIA GARCIA VELA,"29000",
8727,1,"16581971Y",,,,JAVIER RIVERO ALONSO,"31200","CARLOS VII, 18-1Âº A"
8730,1,B20552329,,,,"EUSKAL H.L. ASESORES, S.L.","20700",BARRIO ARTIZ S/N
8737,1,"72619650W",,,,MÂª CARMEN ROMERO SALVATIERRA,"31580",C/ ANCHA NÂº 13
8738,1,"11111111H",,,,EMPRESA DESTINATARIA S.A.,"20400","BARRIO ALDAMIZ, 34"
8739,1,"11111111H",,,,EMPRESA DESTINATARIA S.A.,"20400","BARRIO ALDAMIZ, 34"
8740,1,"25427213T",,,,MERCEDES BERMEJO JIMENEZ,"50009","DIAZ DE MENDOZA, 42"
8741,1,A07632474,,,,RIUSA II S.A (HOTEL RIU BELPLAYA),,
8742,1,P4800100B,,,,ABADIÑOKO UDALA/AYUNTAMIENTO DE ABADIÑO,"48220","San Trocaz Plaza, 1"
8743,1,A48123456,,,,RS 1 cliente 1,"20600",Direccion1
8746,1,,CH,"02",",",DURALLOY AG,CH-4624,Industriepark Altgraben
8747,1,,DE,"02",DE814992540,Rodriguez Gmbh,D-52249,Ernst-Abbe-Strasse 20 - Postfach 14 31
8748,1,P4800100B,,,,ABADIÃOKO UDALA/AYUNTAMIENTO DE ABADIÃO,"48220","San Trocaz Plaza, 1"
8749,1,,IT,"02",IT03896900242,"TRUMPF Sisma S.r.l.,","36015",Via Piemonte 4
8752,1,,GB,"02",GB673630821,NIS Ltd,PR7 1NH,Ackhurst Road Chorley
8753,1,"00000000T",,,,"PRUEBAS GIPUZKOA PRUEBAS GIPUZKOA, AAA","20999","PRUEBAS, PRUEBAS, Gipuzkoa, España"
8754,1,"00000000T",,,,"PRUEBAS GIPUZKOA PRUEBAS GIPUZKOA, AAA","20999","PRUEBAS, PRUEBAS, Gipuzkoa, España"
8755,1,B31333222,,,,zapateria nueva,"31002",""
8688,1,"11111111H",,,,EMPRESA DESTINATARIA S.A.,"20400","BARRIO ALDAMIZ, 34"
8689,1,"11111111H",,,,EMPRESA DESTINATARIA S.A.,"20400","BARRIO ALDAMIZ, 34"
8702,1,"11111111H",,,,EMPRESA DESTINATARIA S.A.,"20400","BARRIO ALDAMIZ, 34"
8703,1,A28000032,,,,persona juridica,"28033",
8704,1,A28000032,,,,persona juridica,"28033",
8711,1,"20192118G",,,,"TECNIPESA, S.L.","20018",PARQUE EMPRESARIAL ZUATZU
8712,1,"11111111A",,,,eroski1,"49700",lalala
8713,1,B20552329,,,,"EUSKAL H.L. ASESORES, S.L.","20700",BARRIO ARTIZ S/N
8714,1,,,"02","12345678Z","PUIG BARGALLË, JOAN","00000",
8771,1,B31333222,,,,zapateria nueva,"31002",""
8772,1,,,"02","33925517B",NUEV,"00000",
8773,1,,,"02","33925517B",NUEV,"00000",
8774,1,B48654628,,,,"ZUCCHETTI SOFTWARE SPAIN, S.L.U. - I68","48160","P.T. Bizkaia - Ibaizabal Bidea, Ed. 500"
8775,1,B48654628,,,,"ZUCCHETTI SOFTWARE SPAIN, S.L.U. - I68","48160","P.T. Bizkaia - Ibaizabal Bidea, Ed. 500"
8776,1,B20900601,,,,"C.T.I. SOFT, S.L.","20014","P.Tecnologico de SnSn Paseo Miramon, 200"
8777,1,A20038915,,,,"IBERMATICA, S.A.","20009","PÂº Mikeletegi, 5  Parque MiramÃ³n"
8778,1,B48654628,,,,"ZUCCHETTI SOFTWARE SPAIN, S.L.U. - I68","48160","P.T. Bizkaia - Ibaizabal Bidea, Ed. 500"
8779,1,"83108815V",,,,"ECOBROKER, S.L.","28021","C/. LENGUAS, 16-5º"
8780,1,,,"02","33925507R",EMPRESA 1,"00000",
8781,1,B01261403,,,,GAMARRA ASESORES S.L.,"01013","AV LOS OLMOS 1,A,OFIC.,109"
8782,1,,,"02","33925507R",EMPRESA 1,"00000",
8783,1,"11111111H",,,,ANDRES GONZALEZ PEREZ,"15563","POLIG BERTOA, 5 F"
8784,1,,,"02","33925507R",EMPRESA 1,"00000",
8785,1,,,"02","33925507R",EMPRESA 1,"00000",
8786,1,,,"02","33925517B",NUEV,"00000",
8787,1,"52147896D",,,,Calle Pinto 2,,
8788,1,A20176244,,,,Prueba,"48260",Prueba
8789,1,"17721881J",,,,MÂª PILAR HERNANDEZ CHANCA,"50007",LASIERRA PURROY  NÂº  1
8790,1,"12345678Z",,,,prueba con nif y sin cp y dir,"15000",Juan Florez
8791,1,B20059655,,,,FISKALAN S.L.,"20001","PZ LINARES 1,1"
8792,1,"25177683C",,,,ANA CARMEN MENJON IBAÃEZ,"50660","SAN ISIDRO, 2"
8793,1,"70244282M",,,,IRENE CRIADO ESTEBAN,"40001","PLAZA DOCTOR GILA, 5"
8756,1,"00000000T",,,,"PRUEBAS GIPUZKOA PRUEBAS GIPUZKOA, AAA","20999","PRUEBAS, PRUEBAS, Gipuzkoa"
8757,1,"00000000T",,,,"PRUEBAS GIPUZKOA PRUEBAS GIPUZKOA, AAA","20999","PRUEBAS, PRUEBAS, Gipuzkoa"
8758,1,"00000000T",,,,"PRUEBAS GIPUZKOA PRUEBAS GIPUZKOA, AAA","20999","PRUEBAS, PRUEBAS, Gipuzkoa"
8759,1,P4800100B,,,,ABADIÃOKO UDALA/AYUNTAMIENTO DE ABADIÃO,"48220","San Trocaz Plaza, 1"
8760,1,"00000000T",,,,"PRUEBAS GIPUZKOA PRUEBAS GIPUZKOA, AAA","20999","PRUEBAS, PRUEBAS, Gipuzkoa"
8761,1,,,"02",B31000001,Cliente Contado,"31006",Calle Luis Morondo 11 bajo
8762,1,P4800100B,,,,ABADIÑOKO UDALA/AYUNTAMIENTO DE ABADIÑO,"48220","San Trocaz Plaza, 1, Abadiño, Bizkaia, España"
8763,1,B31897267,,,,"FERRETERIA SARTAGUDA, S.L.","31589","JIMENO JURIO, NÂº4"
8764,1,P4800100B,,,,ABADIÑOKO UDALA/AYUNTAMIENTO DE ABADIÑO,"48220","San Trocaz Plaza, 1, Abadiño, Bizkaia, España"
8765,1,"17146949N",,,,ANA MÂª CATALAN LAHOZ,"50018","MARIA ZAMBRANO,  10  LOCAL 12"
8766,1,,AT,"02",ATU52385100,Fill Gesellschaft m.b.H.,A-4942,FillstraÃe 1
8770,1,P4800100B,,,,ABADIÃOKO UDALA/AYUNTAMIENTO DE ABADIÃO,"48220","San Trocaz Plaza, 1"
8823,1,"34435489B",,,,"11CLIENTE NUEVO DESDE WEB","31006",LUIS MORONDO 11 BAJO
8824,1,"34435489B",,,,"11CLIENTE NUEVO DESDE WEB","31006",LUIS MORONDO 11 BAJO
8825,1,A20176244,,,,Prueba,"48260",Prueba
8826,1,,FR,"02","1234567890123",Oficinas de turismo de ParÃÂ­s,"75001","25 Rue des Pyramides"
8827,1,,AU,"06","123456789",Embajada en Canberra,"2600","15 Arkana St. Yarralumla"
8829,1,"12345678Z",,,,prueba con nif y sin cp y dir,"0",
8830,1,"12345678Z",,,,prueba con nif y sin cp y dir,"0",
8831,1,"94486664L",,,,CLIENTE DE EJEMPLO,"48940",Independentzia 20
8832,1,"94486664L",,,,CLIENTE DE EJEMPLO,"48940",Independentzia 20
8834,1,"33435489B",,,,"10CLIENTE NUEVO DESDE WEB 2","31006",LUIS MORONDO 11 BAJO
8835,1,R3120000I,,,,zAYUNTAMIENTO DE ABAJO2,"31250",PLAZA DE LA AVENIDA 52
8836,1,"83108815V",,,,"ECOBROKER, S.L.","28021","C/. LENGUAS, 16-5º"
8837,1,"83108815V",,,,"ECOBROKER, S.L.","28021","C/. LENGUAS, 16-5º"
8838,1,,KR,"02","","FAGOR AUTOMATION KOREA , LTD.","157-030",ROOM 707 BYUCKSAN DIGITAL VALLEY2nd
8839,1,,KR,"02","","FAGOR AUTOMATION KOREA , LTD.","157-030",ROOM 707 BYUCKSAN DIGITAL VALLEY2nd
8840,1,"72572830X",,,,JOSE IGNACIO BERRAONDO EZENARRO,"20570",BIDEKURUTZETA 6-3º IZDA
8794,1,B61978151,,,,Cliente,"20200","20200, Gipuzkoa (Guipúzcoa), España"
8795,1,"34435489B",,,,"11CLIENTE NUEVO DESDE WEB","31006",LUIS MORONDO 11 BAJO
8796,1,"72782678Y",,,,MÂª CARMEN DOMINGUEZ RUIZ ALEJOS,"26580","REPUBLICA ARGENTINA, 20"
8797,1,"34435489B",,,,"11CLIENTE NUEVO DESDE WEB","31006",LUIS MORONDO 11 BAJO
8798,1,"14951283H",,,,IDOIA ARBIDE BASUALDO,"48004","AVENIDA JESUS GALINDEZ, NÂº 4 - 3ÂºD"
8799,1,"17867375D",,,,ANA ISABEL NAVALLAS SANZ,"50740",PLAZA IGLESIA NÂº1 (LOCAL B)
8800,1,"34435489B",,,,"11CLIENTE NUEVO DESDE WEB","31006",LUIS MORONDO 11 BAJO
8801,1,"17867375D",,,,ANA ISABEL NAVALLAS SANZ,"50740",PLAZA IGLESIA NÂº1 (LOCAL B)
8802,1,B95678900,,,,MB ASESORES 2012 S.L.P,"48001","CL BARROETA ALDAMAR 4,4,IZDA,DT 45"
8803,1,,AD,"03",TE78JDGT56,"Smith, John","56386",
8803,2,"67836840K",,,,"Ruiz López, Juanito","28080",
8804,1,J50757434,,,,"HERMANOS BERNAL, S.C.","50012","MARTE, 59 - LOCAL"
8805,1,"34435489B",,,,"11CLIENTE NUEVO DESDE WEB","31006",LUIS MORONDO 11 BAJO
8806,1,,,"02",E31315526,GARCIA CORERA FELIX,"31002","AVDA. PIO XII, 10 - TRASERA"
8813,1,B95409041,,,,ORDUÃA A & A S.L.,"48011","CL ERCILLA 44,1,DCHA"
8814,1,"18916037D",,,,MARIA SALOME RIBES NEBOT,"12119","DIPUTACION, 24"
8818,1,B20552329,,,,"EUSKAL H.L. ASESORES, S.L.","20700",BARRIO ARTIZ S/N
8819,1,B20552329,,,,"EUSKAL H.L. ASESORES, S.L.","20700",BARRIO ARTIZ S/N
8822,1,B20552329,,,,"EUSKAL H.L. ASESORES, S.L.","20700",BARRIO ARTIZ S/N
8873,1,P4800100B,,,,ABADIÃOKO UDALA/AYUNTAMIENTO DE ABADIÃO,"48220","San Trocaz Plaza, 1"
8874,1,"00000000T",,,,"PRUEBAS GIPUZKOA PRUEBAS GIPUZKOA, AAA","20999","PRUEBAS, PRUEBAS, Gipuzkoa"
8875,1,"00000000T",,,,"PRUEBAS GIPUZKOA PRUEBAS GIPUZKOA, AAA","20999","PRUEBAS, PRUEBAS, Gipuzkoa"
8841,1,E20125597,,,,"COPROPIETARIOS - Zubieta, 28-30","20007","Zubieta, 28-30 DONOSTIA"
8842,1,"44145716E",,,,Saioa Larrañaga Aizpuru,"20730","Iberotarren Plaza 8 behea, 20730 AZPEITIA, Gipuzkoa (Guipúzcoa), España"
8843,1,,KR,"02","","FAGOR AUTOMATION KOREA , LTD.","157-030",ROOM 707 BYUCKSAN DIGITAL VALLEY2nd
8844,1,"00000000T",,,,"PRUEBAS GIPUZKOA PRUEBAS GIPUZKOA, AAA","20999","PRUEBAS, PRUEBAS, Gipuzkoa, EspaÃ±a"
8845,1,B47039177,,,,"DIEZ MOTOR, S. L.","47420","ONESIMO REDONDO, 29"
8846,1,B20552329,,,,"EUSKAL H.L. ASESORES, S.L.","20700",BARRIO ARTIZ S/N
8847,1,"12345678Z",,,,prueba con nif y sin cp y dir,"0",
8848,1,"12345678Z",,,,prueba con nif y sin cp y dir,"0",
8849,1,B47039177,,,,"DIEZ MOTOR, S. L.","47420","ONESIMO REDONDO, 29"
8850,1,P2000100D,,,,Abaltzisketako Udala,"20269",San Juan Enparantza  z/g
8851,1,"12345678Z",,,,prueba con nif y sin cp y dir,"0",
8852,1,,IT,"02","09909380157","FAGOR ITALIA, S.R.L.","20051",CENTRO DIREZIONALE LOMBARDO
8853,1,"94486664L",,,,CLIENTE DE EJEMPLO,"48940",Independentzia 20
8854,1,,IT,"02","1234567890",Extranjero,"0","calle de italiano, 10"
8855,1,B93189454,,,,MANTENIMIENTOS DE ENVASADOS SL,,
8856,1,"00000000T",,,,"PRUEBAS GIPUZKOA PRUEBAS GIPUZKOA, AAA","20999","PRUEBAS, PRUEBAS, Gipuzkoa, EspaÃ±a"
8857,1,A20021002,,,,"MAQUINARIA GEKA, S.A.","20180","ZERRADI POLIGONOA, 1 OIARTZUN Guipuzcoa"
8859,1,P4800100B,,,,ABADIÑOKO UDALA/AYUNTAMIENTO DE ABADIÑO,"48220","San Trocaz Plaza, 1, Abadiño, Bizkaia, España"
8860,1,B48932685,,,,"EUSKALTAX, S.L.","48008","AL DE URQUIJO 6,4º"
8861,1,B90124314,,,,RECAMBIOS GALIANES S.L.,,
8862,1,P4800100B,,,,ABADIÑOKO UDALA/AYUNTAMIENTO DE ABADIÑO,"48220","San Trocaz Plaza, 1, Abadiño, Bizkaia"
8863,1,P4800100B,,,,ABADIÃOKO UDALA/AYUNTAMIENTO DE ABADIÃO,"48220","San Trocaz Plaza, 1"
8866,1,P4800100B,,,,ABADIÃOKO UDALA/AYUNTAMIENTO DE ABADIÃO,"48220","San Trocaz Plaza, 1"
8867,1,A07632474,,,,RIUSA II S.A (HOTEL RIU BELPLAYA),,
8868,1,A20507190,,,,HAIZELUR S.A.,"20829",POL.IND. ITZIAR PARCELA O ITZIAR Guipuzcoa
8869,1,A20021002,,,,"MAQUINARIA GEKA, S.A.","20180","ZERRADI POLIGONOA, 1 OIARTZUN Guipuzcoa"
8870,1,"00000000T",,,,"PRUEBAS GIPUZKOA PRUEBAS GIPUZKOA, AAA","20999","PRUEBAS, PRUEBAS, Gipuzkoa"
8871,1,"00000000T",,,,"PRUEBAS GIPUZKOA PRUEBAS GIPUZKOA, AAA","20999","PRUEBAS, PRUEBAS, Gipuzkoa"
8872,1,"00000000T",,,,"PRUEBAS GIPUZKOA PRUEBAS GIPUZKOA, AAA","20999","PRUEBAS, PRUEBAS, Gipuzkoa"
8876,1,P2000100D,,,,Abaltzisketako Udala,"20269","San Juan Enparantza  z/g, Abaltzisketa, Gipuzkoa, España"
8877,1,"00000000T",,,,"PRUEBAS GIPUZKOA PRUEBAS GIPUZKOA, AAA","20999","PRUEBAS, PRUEBAS, Gipuzkoa"
8878,1,"00000000T",,,,"PRUEBAS GIPUZKOA PRUEBAS GIPUZKOA, AAA","20999","PRUEBAS, PRUEBAS, Gipuzkoa"
8926,1,"00615198V",,,,HUGO,"6767",SGHSGH 1  RTET HGGH AFGANISTAN 
8928,1,B20552329,,,,"EUSKAL H.L. ASESORES, S.L.","20700",BARRIO ARTIZ S/N
8932,1,"00615198V",,,,HUGO,"6767",SGHSGH 1  RTET HGGH AFGANISTAN 
8934,1,"00615198V",,,,HUGO,"6767",SGHSGH 1  RTET HGGH AFGANISTAN 
8935,1,P2000000F,,,,IPARRALDEKO INDUSTRIAK S.L.,"20009","ALKIZA, PLAZA DE 10 03 A  DONOSTIA / SAN SEBASTIAN GIPUZKOA"
